date,breadth
2007-01-02,77.85
2007-01-03,77.27
2007-01-04,76.86
2007-01-05,75.0
2007-01-08,76.03
2007-01-09,77.48
2007-01-10,78.14
2007-01-11,80.21
2007-01-12,82.06
2007-01-15,82.06
2007-01-16,81.44
2007-01-17,81.44
2007-01-18,80.82
2007-01-19,81.65
2007-01-22,80.82
2007-01-23,82.27
2007-01-24,83.92
2007-01-25,80.82
2007-01-26,80.62
2007-01-29,80.62
2007-01-30,82.27
2007-01-31,84.54
2007-02-01,85.98
2007-02-02,86.39
2007-02-05,85.77
2007-02-06,86.6
2007-02-07,87.22
2007-02-08,86.6
2007-02-09,85.36
2007-02-12,84.74
2007-02-13,86.6
2007-02-14,88.04
2007-02-15,88.25
2007-02-16,88.45
2007-02-19,88.45
2007-02-20,89.07
2007-02-21,89.48
2007-02-22,89.69
2007-02-23,89.69
2007-02-26,89.9
2007-02-27,78.97
2007-02-28,81.44
2007-03-01,80.41
2007-03-02,75.88
2007-03-05,70.72
2007-03-06,75.88
2007-03-07,75.05
2007-03-08,78.76
2007-03-09,78.56
2007-03-12,78.97
2007-03-13,70.31
2007-03-14,72.78
2007-03-15,75.05
2007-03-16,73.61
2007-03-19,77.11
2007-03-20,78.35
2007-03-21,81.65
2007-03-22,81.86
2007-03-23,82.68
2007-03-26,82.47
2007-03-27,81.86
2007-03-28,79.59
2007-03-29,80.0
2007-03-30,79.59
2007-04-02,80.0
2007-04-03,81.86
2007-04-04,81.86
2007-04-05,82.27
2007-04-06,82.27
2007-04-09,82.47
2007-04-10,81.86
2007-04-11,80.41
2007-04-12,82.27
2007-04-13,83.09
2007-04-16,86.6
2007-04-17,86.6
2007-04-18,87.22
2007-04-19,86.21
2007-04-20,86.83
2007-04-23,87.24
2007-04-24,86.63
2007-04-25,87.04
2007-04-26,86.83
2007-04-27,85.19
2007-04-30,83.33
2007-05-01,83.54
2007-05-02,84.98
2007-05-03,84.77
2007-05-04,85.19
2007-05-07,85.8
2007-05-08,84.77
2007-05-09,86.21
2007-05-10,82.51
2007-05-11,84.57
2007-05-14,82.92
2007-05-15,81.48
2007-05-16,83.13
2007-05-17,81.69
2007-05-18,82.51
2007-05-21,82.92
2007-05-22,83.33
2007-05-23,82.72
2007-05-24,78.81
2007-05-25,79.63
2007-05-28,79.63
2007-05-29,81.07
2007-05-30,83.54
2007-05-31,84.16
2007-06-01,84.36
2007-06-04,84.77
2007-06-05,82.51
2007-06-06,80.25
2007-06-07,73.05
2007-06-08,75.93
2007-06-11,75.72
2007-06-12,71.6
2007-06-13,75.72
2007-06-14,77.3
2007-06-15,77.91
2007-06-18,78.32
2007-06-19,77.1
2007-06-20,74.44
2007-06-21,74.44
2007-06-22,70.76
2007-06-25,70.14
2007-06-26,69.73
2007-06-27,72.8
2007-06-28,73.42
2007-06-29,71.57
2007-07-02,74.23
2007-07-03,74.23
2007-07-04,74.23
2007-07-05,74.85
2007-07-06,75.66
2007-07-09,74.23
2007-07-10,68.71
2007-07-11,71.98
2007-07-12,75.66
2007-07-13,76.07
2007-07-16,74.85
2007-07-17,74.03
2007-07-18,73.21
2007-07-19,73.21
2007-07-20,70.35
2007-07-23,71.57
2007-07-24,65.44
2007-07-25,64.01
2007-07-26,57.06
2007-07-27,51.53
2007-07-30,56.24
2007-07-31,51.74
2007-08-01,53.37
2007-08-02,55.62
2007-08-03,46.42
2007-08-06,53.58
2007-08-07,55.21
2007-08-08,56.65
2007-08-09,49.08
2007-08-10,49.69
2007-08-13,50.92
2007-08-14,42.94
2007-08-15,38.04
2007-08-16,37.01
2007-08-17,45.6
2007-08-20,46.01
2007-08-21,45.6
2007-08-22,52.15
2007-08-23,49.9
2007-08-24,53.78
2007-08-27,49.08
2007-08-28,41.51
2007-08-29,49.28
2007-08-30,47.44
2007-08-31,50.1
2007-09-03,50.1
2007-09-04,53.99
2007-09-05,48.88
2007-09-06,50.1
2007-09-07,44.58
2007-09-10,43.56
2007-09-11,48.06
2007-09-12,48.67
2007-09-13,49.69
2007-09-14,49.9
2007-09-17,47.85
2007-09-18,58.08
2007-09-19,61.55
2007-09-20,57.87
2007-09-21,60.12
2007-09-24,57.06
2007-09-25,56.65
2007-09-26,59.51
2007-09-27,60.33
2007-09-28,58.49
2007-10-01,63.47
2007-10-02,63.27
2007-10-03,62.04
2007-10-04,62.45
2007-10-05,65.71
2007-10-08,64.9
2007-10-09,67.14
2007-10-10,65.71
2007-10-11,64.08
2007-10-12,65.1
2007-10-15,62.45
2007-10-16,59.59
2007-10-17,60.2
2007-10-18,58.57
2007-10-19,51.02
2007-10-22,53.27
2007-10-23,54.29
2007-10-24,53.47
2007-10-25,53.67
2007-10-26,57.14
2007-10-29,59.39
2007-10-30,56.94
2007-10-31,61.84
2007-11-01,51.63
2007-11-02,53.27
2007-11-05,52.45
2007-11-06,55.31
2007-11-07,46.33
2007-11-08,48.16
2007-11-09,45.1
2007-11-12,44.69
2007-11-13,49.39
2007-11-14,47.14
2007-11-15,45.31
2007-11-16,47.14
2007-11-19,43.67
2007-11-20,46.94
2007-11-21,41.22
2007-11-22,41.22
2007-11-23,44.9
2007-11-26,38.37
2007-11-27,43.27
2007-11-28,51.43
2007-11-29,50.2
2007-11-30,51.84
2007-12-03,50.0
2007-12-04,48.98
2007-12-05,52.04
2007-12-06,56.12
2007-12-07,56.12
2007-12-10,57.96
2007-12-11,51.02
2007-12-12,53.06
2007-12-13,53.47
2007-12-14,48.37
2007-12-17,44.9
2007-12-18,46.33
2007-12-19,45.71
2007-12-20,47.96
2007-12-21,50.41
2007-12-24,52.86
2007-12-26,52.86
2007-12-27,48.98
2007-12-28,48.98
2007-12-31,47.96
2008-01-02,43.67
2008-01-03,43.27
2008-01-04,40.82
2008-01-07,42.04
2008-01-08,36.73
2008-01-09,39.39
2008-01-10,40.0
2008-01-11,36.94
2008-01-14,38.78
2008-01-15,33.88
2008-01-16,31.43
2008-01-17,25.92
2008-01-18,23.67
2008-01-21,23.67
2008-01-22,21.02
2008-01-23,23.27
2008-01-24,23.88
2008-01-25,21.84
2008-01-28,25.1
2008-01-29,26.33
2008-01-30,25.1
2008-01-31,27.96
2008-02-01,33.27
2008-02-04,31.02
2008-02-05,24.29
2008-02-06,22.65
2008-02-07,24.49
2008-02-08,24.29
2008-02-11,27.55
2008-02-12,27.55
2008-02-13,30.0
2008-02-14,26.73
2008-02-15,26.73
2008-02-18,26.73
2008-02-19,27.96
2008-02-20,29.39
2008-02-21,25.71
2008-02-22,27.96
2008-02-25,33.27
2008-02-26,34.9
2008-02-27,33.47
2008-02-28,31.02
2008-02-29,23.88
2008-03-03,25.51
2008-03-04,25.51
2008-03-05,27.35
2008-03-06,24.29
2008-03-07,21.43
2008-03-10,18.57
2008-03-11,24.69
2008-03-12,24.49
2008-03-13,24.69
2008-03-14,21.63
2008-03-17,18.37
2008-03-18,26.53
2008-03-19,21.18
2008-03-20,26.27
2008-03-21,26.27
2008-03-24,30.35
2008-03-25,32.38
2008-03-26,29.94
2008-03-27,28.11
2008-03-28,25.46
2008-03-31,27.24
2008-04-01,35.77
2008-04-02,35.37
2008-04-03,37.6
2008-04-04,38.41
2008-04-07,36.59
2008-04-08,34.96
2008-04-09,33.54
2008-04-10,33.74
2008-04-11,29.67
2008-04-14,28.86
2008-04-15,29.88
2008-04-16,37.8
2008-04-17,38.01
2008-04-18,42.68
2008-04-21,41.26
2008-04-22,37.8
2008-04-23,40.65
2008-04-24,42.28
2008-04-25,43.9
2008-04-28,44.11
2008-04-29,44.31
2008-04-30,41.87
2008-05-01,49.8
2008-05-02,50.2
2008-05-05,48.58
2008-05-06,49.8
2008-05-07,45.03
2008-05-08,45.03
2008-05-09,44.83
2008-05-12,49.49
2008-05-13,49.9
2008-05-14,53.75
2008-05-15,55.98
2008-05-16,55.58
2008-05-19,55.58
2008-05-20,51.12
2008-05-21,46.65
2008-05-22,47.87
2008-05-23,43.2
2008-05-26,43.2
2008-05-27,46.86
2008-05-28,48.07
2008-05-29,50.91
2008-05-30,51.93
2008-06-02,47.46
2008-06-03,46.45
2008-06-04,49.09
2008-06-05,53.55
2008-06-06,44.02
2008-06-09,43.41
2008-06-10,42.31
2008-06-11,37.65
2008-06-12,40.61
2008-06-13,43.23
2008-06-16,44.65
2008-06-17,42.42
2008-06-18,37.98
2008-06-19,42.22
2008-06-20,36.36
2008-06-23,35.56
2008-06-24,34.34
2008-06-25,36.36
2008-06-26,30.1
2008-06-27,29.7
2008-06-30,29.49
2008-07-01,30.3
2008-07-02,26.67
2008-07-03,26.26
2008-07-04,26.26
2008-07-07,26.46
2008-07-08,30.1
2008-07-09,28.48
2008-07-10,29.49
2008-07-11,27.07
2008-07-14,26.26
2008-07-15,25.25
2008-07-16,29.7
2008-07-17,29.09
2008-07-18,30.51
2008-07-21,31.72
2008-07-22,33.33
2008-07-23,33.13
2008-07-24,27.27
2008-07-25,28.69
2008-07-28,25.45
2008-07-29,29.9
2008-07-30,33.94
2008-07-31,32.73
2008-08-01,31.31
2008-08-04,28.08
2008-08-05,34.55
2008-08-06,36.16
2008-08-07,33.54
2008-08-08,39.19
2008-08-11,42.42
2008-08-12,41.21
2008-08-13,40.4
2008-08-14,41.41
2008-08-15,43.03
2008-08-18,40.0
2008-08-19,37.58
2008-08-20,38.18
2008-08-21,38.59
2008-08-22,42.63
2008-08-25,37.17
2008-08-26,39.39
2008-08-27,40.81
2008-08-28,45.45
2008-08-29,40.61
2008-09-01,40.61
2008-09-02,41.01
2008-09-03,38.79
2008-09-04,30.71
2008-09-05,30.3
2008-09-08,39.19
2008-09-09,32.53
2008-09-10,33.94
2008-09-11,36.16
2008-09-12,37.17
2008-09-15,27.88
2008-09-16,32.73
2008-09-17,21.62
2008-09-18,33.33
2008-09-19,41.01
2008-09-22,28.28
2008-09-23,24.04
2008-09-24,23.64
2008-09-25,28.89
2008-09-26,28.69
2008-09-29,16.16
2008-09-30,23.43
2008-10-01,21.01
2008-10-02,16.36
2008-10-03,13.54
2008-10-06,8.89
2008-10-07,5.05
2008-10-08,4.44
2008-10-09,1.62
2008-10-10,2.63
2008-10-13,5.25
2008-10-14,3.64
2008-10-15,2.22
2008-10-16,4.04
2008-10-17,3.03
2008-10-20,4.44
2008-10-21,4.24
2008-10-22,2.83
2008-10-23,2.83
2008-10-24,2.83
2008-10-27,2.63
2008-10-28,4.24
2008-10-29,4.04
2008-10-30,5.45
2008-10-31,6.87
2008-11-03,6.67
2008-11-04,8.69
2008-11-05,5.05
2008-11-06,3.64
2008-11-07,4.24
2008-11-10,4.44
2008-11-11,3.64
2008-11-12,2.83
2008-11-13,5.05
2008-11-14,3.23
2008-11-17,3.23
2008-11-18,3.43
2008-11-19,2.63
2008-11-20,2.02
2008-11-21,2.83
2008-11-24,3.43
2008-11-25,3.43
2008-11-26,3.64
2008-11-27,3.64
2008-11-28,4.24
2008-12-01,2.22
2008-12-02,2.83
2008-12-03,3.84
2008-12-04,2.83
2008-12-05,4.85
2008-12-08,5.05
2008-12-09,3.64
2008-12-10,4.04
2008-12-11,3.03
2008-12-12,3.64
2008-12-15,3.23
2008-12-16,5.45
2008-12-17,4.65
2008-12-18,4.44
2008-12-19,4.65
2008-12-22,4.65
2008-12-23,3.64
2008-12-24,4.65
2008-12-26,4.65
2008-12-29,4.24
2008-12-30,5.25
2008-12-31,6.06
2009-01-02,7.47
2009-01-05,6.06
2009-01-06,4.85
2009-01-07,4.24
2009-01-08,4.44
2009-01-09,4.04
2009-01-12,3.43
2009-01-13,2.83
2009-01-14,2.63
2009-01-15,2.83
2009-01-16,3.43
2009-01-19,3.43
2009-01-20,2.42
2009-01-21,3.23
2009-01-22,3.23
2009-01-23,3.43
2009-01-26,4.65
2009-01-27,4.85
2009-01-28,6.46
2009-01-29,5.66
2009-01-30,5.25
2009-02-02,5.66
2009-02-03,6.06
2009-02-04,6.26
2009-02-05,7.07
2009-02-06,8.48
2009-02-09,8.08
2009-02-10,5.25
2009-02-11,6.45
2009-02-12,7.06
2009-02-13,6.45
2009-02-16,6.45
2009-02-17,4.64
2009-02-18,4.44
2009-02-19,4.03
2009-02-20,4.03
2009-02-23,3.23
2009-02-24,4.23
2009-02-25,3.43
2009-02-26,3.02
2009-02-27,3.02
2009-03-02,2.22
2009-03-03,2.22
2009-03-04,2.42
2009-03-05,2.22
2009-03-06,1.81
2009-03-09,2.42
2009-03-10,3.23
2009-03-11,3.63
2009-03-12,4.23
2009-03-13,4.23
2009-03-16,3.83
2009-03-17,5.04
2009-03-18,6.45
2009-03-19,6.25
2009-03-20,5.24
2009-03-23,9.27
2009-03-24,7.46
2009-03-25,8.27
2009-03-26,12.1
2009-03-27,9.27
2009-03-30,7.66
2009-03-31,8.27
2009-04-01,9.48
2009-04-02,12.7
2009-04-03,14.72
2009-04-06,13.51
2009-04-07,11.29
2009-04-08,14.31
2009-04-09,19.15
2009-04-10,19.15
2009-04-13,19.56
2009-04-14,16.33
2009-04-15,18.55
2009-04-16,22.98
2009-04-17,24.4
2009-04-20,17.54
2009-04-21,20.56
2009-04-22,20.77
2009-04-23,21.17
2009-04-24,26.61
2009-04-27,23.99
2009-04-28,24.8
2009-04-29,30.24
2009-04-30,30.24
2009-05-01,30.24
2009-05-04,40.73
2009-05-05,37.9
2009-05-06,43.15
2009-05-07,36.9
2009-05-08,45.77
2009-05-11,37.9
2009-05-12,38.1
2009-05-13,26.81
2009-05-14,31.85
2009-05-15,31.45
2009-05-18,40.52
2009-05-19,41.53
2009-05-20,41.73
2009-05-21,35.69
2009-05-22,35.89
2009-05-25,35.89
2009-05-26,46.37
2009-05-27,40.73
2009-05-28,44.76
2009-05-29,50.2
2009-06-01,60.48
2009-06-02,60.28
2009-06-03,56.85
2009-06-04,59.48
2009-06-05,59.48
2009-06-08,59.07
2009-06-09,62.1
2009-06-10,61.9
2009-06-11,63.71
2009-06-12,64.31
2009-06-15,58.67
2009-06-16,56.45
2009-06-17,56.25
2009-06-18,58.47
2009-06-19,59.48
2009-06-22,51.61
2009-06-23,52.62
2009-06-24,55.04
2009-06-25,63.1
2009-06-26,64.11
2009-06-29,66.94
2009-06-30,65.52
2009-07-01,69.76
2009-07-02,57.66
2009-07-03,57.66
2009-07-06,59.07
2009-07-07,52.22
2009-07-08,52.62
2009-07-09,55.85
2009-07-10,55.44
2009-07-13,62.7
2009-07-14,65.93
2009-07-15,73.99
2009-07-16,77.02
2009-07-17,75.81
2009-07-20,79.44
2009-07-21,80.85
2009-07-22,80.24
2009-07-23,86.09
2009-07-24,87.1
2009-07-27,88.71
2009-07-28,88.1
2009-07-29,87.9
2009-07-30,88.31
2009-07-31,87.9
2009-08-03,90.32
2009-08-04,91.13
2009-08-05,91.13
2009-08-06,90.12
2009-08-07,90.93
2009-08-10,90.73
2009-08-11,89.31
2009-08-12,90.32
2009-08-13,90.73
2009-08-14,90.32
2009-08-17,86.49
2009-08-18,87.9
2009-08-19,89.52
2009-08-20,90.52
2009-08-21,92.56
2009-08-24,92.15
2009-08-25,92.35
2009-08-26,92.76
2009-08-27,93.16
2009-08-28,93.36
2009-08-31,92.76
2009-09-01,90.34
2009-09-02,89.74
2009-09-03,90.54
2009-09-04,91.75
2009-09-07,91.75
2009-09-08,92.35
2009-09-09,92.96
2009-09-10,93.16
2009-09-11,92.76
2009-09-14,93.16
2009-09-15,93.96
2009-09-16,94.57
2009-09-17,94.37
2009-09-18,94.77
2009-09-21,95.17
2009-09-22,95.17
2009-09-23,94.97
2009-09-24,94.16
2009-09-25,93.76
2009-09-28,95.17
2009-09-29,94.57
2009-09-30,93.76
2009-10-01,92.15
2009-10-02,90.74
2009-10-05,91.15
2009-10-06,91.95
2009-10-07,91.75
2009-10-08,93.36
2009-10-09,93.36
2009-10-12,94.16
2009-10-13,93.76
2009-10-14,94.77
2009-10-15,96.38
2009-10-16,95.37
2009-10-19,96.38
2009-10-20,95.57
2009-10-21,94.16
2009-10-22,95.37
2009-10-23,94.37
2009-10-26,92.96
2009-10-27,92.56
2009-10-28,90.14
2009-10-29,93.16
2009-10-30,88.93
2009-11-02,89.74
2009-11-03,89.94
2009-11-04,89.34
2009-11-05,91.35
2009-11-06,91.55
2009-11-09,93.56
2009-11-10,92.35
2009-11-11,92.76
2009-11-12,92.15
2009-11-13,92.35
2009-11-16,93.16
2009-11-17,92.96
2009-11-18,92.96
2009-11-19,91.75
2009-11-20,92.15
2009-11-23,92.76
2009-11-24,92.35
2009-11-25,92.96
2009-11-26,92.96
2009-11-27,91.55
2009-11-30,91.15
2009-12-01,92.35
2009-12-02,92.76
2009-12-03,91.55
2009-12-04,91.95
2009-12-07,92.76
2009-12-08,91.15
2009-12-09,91.75
2009-12-10,91.15
2009-12-11,92.35
2009-12-14,92.76
2009-12-15,91.35
2009-12-16,91.55
2009-12-17,90.34
2009-12-18,91.35
2009-12-21,91.75
2009-12-22,91.55
2009-12-23,91.75
2009-12-24,91.95
2009-12-28,91.75
2009-12-29,91.75
2009-12-30,91.15
2009-12-31,90.74
2010-01-04,92.2
2010-01-05,92.8
2010-01-06,94.0
2010-01-07,94.4
2010-01-08,94.2
2010-01-11,94.8
2010-01-12,94.0
2010-01-13,94.2
2010-01-14,94.2
2010-01-15,93.6
2010-01-19,95.0
2010-01-20,94.2
2010-01-21,91.6
2010-01-22,88.4
2010-01-25,89.4
2010-01-26,87.6
2010-01-27,88.8
2010-01-28,85.0
2010-01-29,83.0
2010-02-01,86.2
2010-02-02,87.2
2010-02-03,85.4
2010-02-04,77.4
2010-02-05,79.6
2010-02-08,74.4
2010-02-09,79.2
2010-02-10,78.6
2010-02-11,80.6
2010-02-12,78.6
2010-02-16,83.6
2010-02-17,84.0
2010-02-18,85.0
2010-02-19,85.4
2010-02-22,84.8
2010-02-23,82.0
2010-02-24,83.4
2010-02-25,82.8
2010-02-26,83.0
2010-03-01,84.6
2010-03-02,85.0
2010-03-03,85.6
2010-03-04,86.6
2010-03-05,88.6
2010-03-08,89.2
2010-03-09,89.8
2010-03-10,90.4
2010-03-11,90.8
2010-03-12,90.6
2010-03-15,90.4
2010-03-16,92.0
2010-03-17,92.0
2010-03-18,92.0
2010-03-19,90.6
2010-03-22,91.0
2010-03-23,91.4
2010-03-24,91.0
2010-03-25,89.4
2010-03-26,89.2
2010-03-29,90.0
2010-03-30,90.0
2010-03-31,89.8
2010-04-01,91.4
2010-04-05,92.8
2010-04-06,93.4
2010-04-07,92.2
2010-04-08,91.8
2010-04-09,93.0
2010-04-12,93.0
2010-04-13,92.6
2010-04-14,94.2
2010-04-15,93.2
2010-04-16,91.8
2010-04-19,91.6
2010-04-20,92.8
2010-04-21,92.2
2010-04-22,92.0
2010-04-23,93.0
2010-04-26,92.4
2010-04-27,88.4
2010-04-28,90.2
2010-04-29,91.2
2010-04-30,87.8
2010-05-03,89.4
2010-05-04,83.0
2010-05-05,83.6
2010-05-06,73.0
2010-05-07,67.13
2010-05-10,79.6
2010-05-11,78.0
2010-05-12,82.6
2010-05-13,79.2
2010-05-14,72.0
2010-05-17,74.0
2010-05-18,70.4
2010-05-19,67.6
2010-05-20,50.6
2010-05-21,56.6
2010-05-24,52.2
2010-05-25,50.6
2010-05-26,49.6
2010-05-27,62.6
2010-05-28,59.0
2010-06-01,48.6
2010-06-02,59.6
2010-06-03,60.6
2010-06-04,45.4
2010-06-07,38.6
2010-06-08,44.0
2010-06-09,42.8
2010-06-10,53.6
2010-06-11,55.4
2010-06-14,55.8
2010-06-15,64.2
2010-06-16,62.8
2010-06-17,62.6
2010-06-18,62.4
2010-06-21,59.8
2010-06-22,55.0
2010-06-23,55.0
2010-06-24,48.4
2010-06-25,48.8
2010-06-28,48.2
2010-06-29,35.0
2010-06-30,31.4
2010-07-01,30.6
2010-07-02,27.2
2010-07-06,28.4
2010-07-07,39.8
2010-07-08,44.2
2010-07-09,49.0
2010-07-12,46.6
2010-07-13,52.2
2010-07-14,52.6
2010-07-15,52.8
2010-07-16,42.2
2010-07-19,44.8
2010-07-20,48.6
2010-07-21,43.8
2010-07-22,54.0
2010-07-23,56.0
2010-07-26,60.0
2010-07-27,58.2
2010-07-28,54.6
2010-07-29,53.8
2010-07-30,53.2
2010-08-02,60.2
2010-08-03,56.6
2010-08-04,59.6
2010-08-05,59.4
2010-08-06,59.6
2010-08-09,60.6
2010-08-10,58.4
2010-08-11,48.2
2010-08-12,45.0
2010-08-13,43.6
2010-08-16,42.8
2010-08-17,49.2
2010-08-18,50.2
2010-08-19,42.2
2010-08-20,41.4
2010-08-23,39.0
2010-08-24,32.6
2010-08-25,33.8
2010-08-26,32.6
2010-08-27,39.6
2010-08-30,32.8
2010-08-31,34.0
2010-09-01,45.0
2010-09-02,48.0
2010-09-03,52.0
2010-09-07,48.0
2010-09-08,51.0
2010-09-09,53.0
2010-09-10,55.4
2010-09-13,59.59
2010-09-14,60.2
2010-09-15,60.79
2010-09-16,60.0
2010-09-17,60.0
2010-09-20,64.8
2010-09-21,64.4
2010-09-22,61.79
2010-09-23,58.2
2010-09-24,67.4
2010-09-27,65.8
2010-09-28,68.19
2010-09-29,68.19
2010-09-30,67.0
2010-10-01,68.0
2010-10-04,65.59
2010-10-05,70.8
2010-10-06,69.59
2010-10-07,69.4
2010-10-08,72.19
2010-10-11,71.8
2010-10-12,74.4
2010-10-13,75.8
2010-10-14,73.4
2010-10-15,73.59
2010-10-18,75.19
2010-10-19,72.19
2010-10-20,74.0
2010-10-21,73.8
2010-10-22,73.4
2010-10-25,74.4
2010-10-26,73.8
2010-10-27,75.0
2010-10-28,74.59
2010-10-29,74.19
2010-11-01,73.59
2010-11-02,75.59
2010-11-03,75.4
2010-11-04,81.19
2010-11-05,82.8
2010-11-08,82.4
2010-11-09,80.4
2010-11-10,80.0
2010-11-11,80.19
2010-11-12,77.19
2010-11-15,76.59
2010-11-16,71.4
2010-11-17,70.4
2010-11-18,73.14
2010-11-19,75.15
2010-11-22,74.94
2010-11-23,71.34
2010-11-24,74.14
2010-11-26,72.94
2010-11-29,71.8
2010-11-30,70.8
2010-12-01,74.8
2010-12-02,79.8
2010-12-03,81.19
2010-12-06,80.4
2010-12-07,80.59
2010-12-08,82.19
2010-12-09,83.8
2010-12-10,84.8
2010-12-13,84.8
2010-12-14,86.4
2010-12-15,84.19
2010-12-16,85.8
2010-12-17,86.8
2010-12-20,88.0
2010-12-21,89.0
2010-12-22,89.19
2010-12-23,89.19
2010-12-27,89.0
2010-12-28,88.59
2010-12-29,88.8
2010-12-30,88.59
2010-12-31,88.59
2011-01-03,89.19
2011-01-04,89.4
2011-01-05,90.19
2011-01-06,91.0
2011-01-07,90.19
2011-01-10,89.8
2011-01-11,90.59
2011-01-12,91.59
2011-01-13,90.8
2011-01-14,92.59
2011-01-18,92.59
2011-01-19,90.8
2011-01-20,91.59
2011-01-21,91.19
2011-01-24,91.4
2011-01-25,91.19
2011-01-26,91.4
2011-01-27,91.8
2011-01-28,88.4
2011-01-31,88.4
2011-02-01,90.59
2011-02-02,90.59
2011-02-03,92.0
2011-02-04,92.59
2011-02-07,92.4
2011-02-08,93.8
2011-02-09,94.0
2011-02-10,93.4
2011-02-11,93.19
2011-02-14,93.4
2011-02-15,93.4
2011-02-16,93.59
2011-02-17,93.8
2011-02-18,93.8
2011-02-22,91.4
2011-02-23,90.59
2011-02-24,90.59
2011-02-25,91.59
2011-02-28,92.0
2011-03-01,91.0
2011-03-02,91.0
2011-03-03,91.8
2011-03-04,91.0
2011-03-07,90.19
2011-03-08,92.4
2011-03-09,92.59
2011-03-10,89.8
2011-03-11,91.19
2011-03-14,88.8
2011-03-15,85.8
2011-03-16,82.8
2011-03-17,84.4
2011-03-18,85.4
2011-03-21,87.8
2011-03-22,87.59
2011-03-23,88.0
2011-03-24,89.59
2011-03-25,89.4
2011-03-28,88.59
2011-03-29,89.59
2011-03-30,91.59
2011-03-31,91.4
2011-04-01,91.59
2011-04-04,92.19
2011-04-05,92.0
2011-04-06,92.59
2011-04-07,93.0
2011-04-08,91.59
2011-04-11,91.19
2011-04-12,90.59
2011-04-13,90.0
2011-04-14,90.0
2011-04-15,90.4
2011-04-18,88.8
2011-04-19,89.0
2011-04-20,90.8
2011-04-21,90.8
2011-04-25,91.4
2011-04-26,92.4
2011-04-27,93.59
2011-04-28,93.59
2011-04-29,93.58
2011-05-02,92.38
2011-05-03,92.59
2011-05-04,91.4
2011-05-05,91.0
2011-05-06,91.38
2011-05-09,91.18
2011-05-10,91.78
2011-05-11,90.58
2011-05-12,90.78
2011-05-13,90.18
2011-05-16,89.17
2011-05-17,88.57
2011-05-18,89.37
2011-05-19,88.77
2011-05-20,87.17
2011-05-23,83.76
2011-05-24,83.56
2011-05-25,84.56
2011-05-26,84.96
2011-05-27,86.37
2011-05-31,87.77
2011-06-01,81.19
2011-06-02,80.8
2011-06-03,77.35
2011-06-06,72.14
2011-06-07,72.34
2011-06-08,69.73
2011-06-09,71.34
2011-06-10,66.53
2011-06-13,64.32
2011-06-14,69.73
2011-06-15,62.72
2011-06-16,62.12
2011-06-17,63.32
2011-06-20,65.53
2011-06-21,69.93
2011-06-22,68.73
2011-06-23,67.93
2011-06-24,64.12
2011-06-27,66.33
2011-06-28,69.93
2011-06-29,72.74
2011-06-30,75.75
2011-07-01,80.36
2011-07-05,78.75
2011-07-06,78.15
2011-07-07,82.12
2011-07-08,77.71
2011-07-11,70.48
2011-07-12,69.07
2011-07-13,70.08
2011-07-14,66.46
2011-07-15,67.06
2011-07-18,62.24
2011-07-19,68.07
2011-07-20,68.07
2011-07-21,73.49
2011-07-22,73.09
2011-07-25,69.87
2011-07-26,66.86
2011-07-27,56.42
2011-07-28,54.81
2011-07-29,52.2
2011-08-01,48.99
2011-08-02,39.35
2011-08-03,38.55
2011-08-04,22.28
2011-08-05,24.09
2011-08-08,9.6
2011-08-09,17.6
2011-08-10,12.19
2011-08-11,20.39
2011-08-12,22.0
2011-08-15,28.0
2011-08-16,25.79
2011-08-17,26.39
2011-08-18,16.6
2011-08-19,15.0
2011-08-22,14.19
2011-08-23,22.6
2011-08-24,25.79
2011-08-25,21.2
2011-08-26,25.2
2011-08-29,32.0
2011-08-30,34.4
2011-08-31,35.2
2011-09-01,32.79
2011-09-02,25.2
2011-09-06,24.0
2011-09-07,31.2
2011-09-08,28.0
2011-09-09,22.2
2011-09-12,23.6
2011-09-13,24.79
2011-09-14,28.0
2011-09-15,32.59
2011-09-16,34.4
2011-09-19,32.59
2011-09-20,31.39
2011-09-21,24.79
2011-09-22,19.2
2011-09-23,20.79
2011-09-26,24.6
2011-09-27,26.85
2011-09-28,22.2
2011-09-29,23.0
2011-09-30,19.39
2011-10-03,14.39
2011-10-04,17.23
2011-10-05,18.83
2011-10-06,23.84
2011-10-07,23.44
2011-10-10,29.85
2011-10-11,29.25
2011-10-12,30.26
2011-10-13,30.66
2011-10-14,33.26
2011-10-17,29.45
2011-10-18,34.2
2011-10-19,32.59
2011-10-20,32.4
2011-10-21,40.79
2011-10-24,44.2
2011-10-25,39.2
2011-10-26,44.0
2011-10-27,53.0
2011-10-28,52.4
2011-10-31,43.59
2011-11-01,36.4
2011-11-02,40.59
2011-11-03,47.79
2011-11-04,46.2
2011-11-07,46.79
2011-11-08,50.79
2011-11-09,39.4
2011-11-10,41.79
2011-11-11,47.79
2011-11-14,46.0
2011-11-15,47.4
2011-11-16,41.79
2011-11-17,34.79
2011-11-18,32.0
2011-11-21,27.2
2011-11-22,24.79
2011-11-23,18.79
2011-11-25,18.39
2011-11-28,26.0
2011-11-29,27.2
2011-11-30,41.2
2011-12-01,40.68
2011-12-02,40.79
2011-12-05,45.2
2011-12-06,44.68
2011-12-07,45.09
2011-12-08,36.07
2011-12-09,45.29
2011-12-12,38.07
2011-12-13,34.93
2011-12-14,31.12
2011-12-15,34.33
2011-12-16,35.87
2011-12-19,31.06
2011-12-20,39.15
2011-12-21,41.76
2011-12-22,44.57
2011-12-23,47.18
2011-12-27,47.79
2011-12-28,43.77
2011-12-29,47.38
2011-12-30,46.58
2012-01-03,50.6
2012-01-04,50.0
2012-01-05,51.0
2012-01-06,49.59
2012-01-09,51.6
2012-01-10,58.03
2012-01-11,58.03
2012-01-12,57.83
2012-01-13,54.81
2012-01-17,57.79
2012-01-18,62.2
2012-01-19,65.8
2012-01-20,67.0
2012-01-23,66.8
2012-01-24,67.19
2012-01-25,71.19
2012-01-26,69.0
2012-01-27,68.59
2012-01-30,65.8
2012-01-31,67.19
2012-02-01,71.8
2012-02-02,72.8
2012-02-03,77.59
2012-02-06,77.19
2012-02-07,77.4
2012-02-08,78.8
2012-02-09,77.4
2012-02-10,76.19
2012-02-13,77.19
2012-02-14,76.59
2012-02-15,75.4
2012-02-16,81.4
2012-02-17,81.19
2012-02-21,80.8
2012-02-22,79.8
2012-02-23,81.19
2012-02-24,80.59
2012-02-27,81.19
2012-02-28,81.0
2012-02-29,79.59
2012-03-01,81.19
2012-03-02,80.0
2012-03-05,79.8
2012-03-06,74.4
2012-03-07,76.19
2012-03-08,79.19
2012-03-09,80.8
2012-03-12,80.59
2012-03-13,84.0
2012-03-14,82.16
2012-03-15,83.56
2012-03-16,85.17
2012-03-19,84.16
2012-03-20,84.36
2012-03-21,83.16
2012-03-22,81.96
2012-03-23,82.36
2012-03-26,85.77
2012-03-27,85.57
2012-03-28,83.96
2012-03-29,83.56
2012-03-30,84.16
2012-04-02,85.57
2012-04-03,84.56
2012-04-04,83.16
2012-04-05,82.56
2012-04-09,79.35
2012-04-10,73.34
2012-04-11,76.35
2012-04-12,80.76
2012-04-13,77.55
2012-04-16,77.35
2012-04-17,80.96
2012-04-18,79.95
2012-04-19,78.95
2012-04-20,78.75
2012-04-23,75.75
2012-04-24,75.75
2012-04-25,79.15
2012-04-26,80.76
2012-04-27,80.76
2012-04-30,80.16
2012-05-01,81.8
2012-05-02,79.8
2012-05-03,77.0
2012-05-04,72.19
2012-05-07,71.59
2012-05-08,71.59
2012-05-09,67.59
2012-05-10,69.59
2012-05-11,68.4
2012-05-14,65.59
2012-05-15,62.4
2012-05-16,59.4
2012-05-17,53.79
2012-05-18,50.2
2012-05-21,56.4
2012-05-22,56.59
2012-05-23,57.11
2012-05-24,56.91
2012-05-25,55.71
2012-05-29,60.44
2012-05-30,53.21
2012-05-31,52.0
2012-06-01,42.59
2012-06-04,41.79
2012-06-05,44.4
2012-06-06,52.5
2012-06-07,51.9
2012-06-08,51.9
2012-06-11,50.1
2012-06-12,53.1
2012-06-13,50.5
2012-06-14,52.3
2012-06-15,56.11
2012-06-18,56.11
2012-06-19,61.72
2012-06-20,61.72
2012-06-21,52.5
2012-06-22,54.5
2012-06-25,49.09
2012-06-26,50.3
2012-06-27,54.5
2012-06-28,52.5
2012-06-29,61.24
2012-07-02,60.44
2012-07-03,64.25
2012-07-05,62.77
2012-07-06,59.15
2012-07-09,56.94
2012-07-10,53.92
2012-07-11,54.72
2012-07-12,50.5
2012-07-13,57.54
2012-07-16,55.93
2012-07-17,57.34
2012-07-18,60.56
2012-07-19,62.37
2012-07-20,56.53
2012-07-23,52.31
2012-07-24,49.89
2012-07-25,50.5
2012-07-26,56.13
2012-07-27,63.38
2012-07-30,61.89
2012-07-31,59.47
2012-08-01,58.46
2012-08-02,53.42
2012-08-03,62.09
2012-08-06,63.1
2012-08-07,68.54
2012-08-08,68.95
2012-08-09,69.55
2012-08-10,68.75
2012-08-13,68.14
2012-08-14,67.0
2012-08-15,68.19
2012-08-16,71.0
2012-08-17,71.19
2012-08-20,71.19
2012-08-21,71.19
2012-08-22,70.19
2012-08-23,65.59
2012-08-24,67.59
2012-08-27,66.8
2012-08-28,66.59
2012-08-29,68.0
2012-08-30,63.79
2012-08-31,66.0
2012-09-04,65.0
2012-09-05,63.2
2012-09-06,70.8
2012-09-07,73.8
2012-09-10,72.0
2012-09-11,74.0
2012-09-12,74.19
2012-09-13,78.59
2012-09-14,78.59
2012-09-17,76.59
2012-09-18,76.4
2012-09-19,76.19
2012-09-20,75.4
2012-09-21,75.0
2012-09-24,74.0
2012-09-25,70.4
2012-09-26,67.59
2012-09-27,70.4
2012-09-28,68.8
2012-10-01,67.59
2012-10-02,67.73
2012-10-03,67.53
2012-10-04,70.34
2012-10-05,70.14
2012-10-08,70.19
2012-10-09,65.8
2012-10-10,64.0
2012-10-11,65.4
2012-10-12,63.2
2012-10-15,66.19
2012-10-16,70.4
2012-10-17,72.19
2012-10-18,71.0
2012-10-19,66.59
2012-10-22,66.19
2012-10-23,61.0
2012-10-24,59.2
2012-10-25,61.2
2012-10-26,60.2
2012-10-31,60.4
2012-11-01,65.4
2012-11-02,60.79
2012-11-05,61.59
2012-11-06,65.0
2012-11-07,56.79
2012-11-08,50.0
2012-11-09,51.2
2012-11-12,51.59
2012-11-13,50.2
2012-11-14,43.2
2012-11-15,44.59
2012-11-16,47.0
2012-11-19,52.0
2012-11-20,52.59
2012-11-21,53.59
2012-11-23,60.79
2012-11-26,58.79
2012-11-27,57.59
2012-11-28,60.59
2012-11-29,62.2
2012-11-30,62.59
2012-12-03,60.2
2012-12-04,58.91
2012-12-05,62.32
2012-12-06,62.72
2012-12-07,64.12
2012-12-10,64.92
2012-12-11,66.93
2012-12-12,66.53
2012-12-13,64.12
2012-12-14,63.92
2012-12-17,68.13
2012-12-18,73.14
2012-12-19,71.34
2012-12-20,73.34
2012-12-21,70.14
2012-12-24,68.93
2012-12-26,65.73
2012-12-27,66.13
2012-12-28,61.12
2012-12-31,69.13
2013-01-02,76.95
2013-01-03,77.19
2013-01-04,79.19
2013-01-07,77.0
2013-01-08,76.19
2013-01-09,76.4
2013-01-10,78.8
2013-01-11,78.19
2013-01-14,80.4
2013-01-15,80.4
2013-01-16,79.8
2013-01-17,81.59
2013-01-18,83.0
2013-01-22,84.0
2013-01-23,83.8
2013-01-24,85.37
2013-01-25,85.57
2013-01-28,84.4
2013-01-29,86.19
2013-01-30,85.19
2013-01-31,85.4
2013-02-01,86.19
2013-02-04,83.8
2013-02-05,86.0
2013-02-06,86.59
2013-02-07,86.19
2013-02-08,87.59
2013-02-11,87.0
2013-02-12,87.19
2013-02-13,86.59
2013-02-14,85.19
2013-02-15,85.4
2013-02-19,86.19
2013-02-20,84.19
2013-02-21,81.8
2013-02-22,83.19
2013-02-25,79.4
2013-02-26,79.59
2013-02-27,81.8
2013-02-28,81.59
2013-03-01,81.59
2013-03-04,82.8
2013-03-05,84.4
2013-03-06,84.0
2013-03-07,84.0
2013-03-08,85.0
2013-03-11,85.19
2013-03-12,85.0
2013-03-13,85.19
2013-03-14,86.0
2013-03-15,86.0
2013-03-18,85.59
2013-03-19,85.19
2013-03-20,85.8
2013-03-21,85.19
2013-03-22,85.4
2013-03-25,85.4
2013-03-26,86.59
2013-03-27,86.59
2013-03-28,87.4
2013-04-01,86.4
2013-04-02,86.4
2013-04-03,83.8
2013-04-04,84.19
2013-04-05,84.4
2013-04-08,85.19
2013-04-09,87.0
2013-04-10,88.4
2013-04-11,89.0
2013-04-12,88.8
2013-04-15,82.59
2013-04-16,85.19
2013-04-17,81.4
2013-04-18,81.0
2013-04-19,81.8
2013-04-22,81.8
2013-04-23,83.59
2013-04-24,86.0
2013-04-25,86.59
2013-04-26,85.19
2013-04-29,85.8
2013-04-30,87.0
2013-05-01,85.37
2013-05-02,86.97
2013-05-03,89.37
2013-05-06,89.57
2013-05-07,90.98
2013-05-08,92.0
2013-05-09,91.59
2013-05-10,92.59
2013-05-13,92.0
2013-05-14,92.98
2013-05-15,93.38
2013-05-16,92.98
2013-05-17,93.38
2013-05-20,93.18
2013-05-21,93.38
2013-05-22,92.78
2013-05-23,92.58
2013-05-24,91.58
2013-05-28,91.98
2013-05-29,90.38
2013-05-30,90.18
2013-05-31,87.97
2013-06-03,88.37
2013-06-04,86.77
2013-06-05,84.76
2013-06-06,87.57
2013-06-07,89.37
2013-06-10,88.57
2013-06-11,84.53
2013-06-12,81.32
2013-06-13,87.14
2013-06-14,86.94
2013-06-17,87.95
2013-06-18,89.35
2013-06-19,83.93
2013-06-20,75.1
2013-06-21,76.1
2013-06-24,71.88
2013-06-25,76.1
2013-06-26,79.11
2013-06-27,82.32
2013-06-28,81.52
2013-07-01,82.0
2013-07-02,82.19
2013-07-03,80.59
2013-07-05,82.8
2013-07-08,83.4
2013-07-09,85.19
2013-07-10,85.19
2013-07-11,90.0
2013-07-12,90.4
2013-07-15,90.19
2013-07-16,90.19
2013-07-17,89.59
2013-07-18,89.4
2013-07-19,89.59
2013-07-22,89.19
2013-07-23,89.59
2013-07-24,87.8
2013-07-25,89.0
2013-07-26,88.19
2013-07-29,87.59
2013-07-30,87.4
2013-07-31,86.19
2013-08-01,88.59
2013-08-02,88.19
2013-08-05,87.4
2013-08-06,86.59
2013-08-07,86.59
2013-08-08,86.19
2013-08-09,87.19
2013-08-12,86.0
2013-08-13,85.8
2013-08-14,85.19
2013-08-15,81.0
2013-08-16,79.19
2013-08-19,76.4
2013-08-20,78.8
2013-08-21,76.0
2013-08-22,79.0
2013-08-23,79.0
2013-08-26,78.19
2013-08-27,74.0
2013-08-28,73.8
2013-08-29,74.19
2013-08-30,73.4
2013-09-03,73.0
2013-09-04,74.19
2013-09-05,75.4
2013-09-06,73.8
2013-09-09,77.59
2013-09-10,79.19
2013-09-11,80.59
2013-09-12,78.55
2013-09-13,79.55
2013-09-16,80.96
2013-09-17,81.76
2013-09-18,86.37
2013-09-19,85.17
2013-09-20,82.36
2013-09-23,81.36
2013-09-24,80.56
2013-09-25,79.35
2013-09-26,79.95
2013-09-27,77.15
2013-09-30,75.7
2013-10-01,77.71
2013-10-02,77.55
2013-10-03,74.94
2013-10-04,76.95
2013-10-07,75.55
2013-10-08,70.94
2013-10-09,71.4
2013-10-10,76.19
2013-10-11,78.8
2013-10-14,78.4
2013-10-15,76.4
2013-10-16,79.59
2013-10-17,81.59
2013-10-18,83.4
2013-10-21,83.0
2013-10-22,84.59
2013-10-23,83.59
2013-10-24,83.19
2013-10-25,84.0
2013-10-28,84.0
2013-10-29,84.8
2013-10-30,83.19
2013-10-31,82.36
2013-11-01,82.36
2013-11-04,83.96
2013-11-05,82.16
2013-11-06,83.96
2013-11-07,80.36
2013-11-08,80.36
2013-11-11,81.16
2013-11-12,80.56
2013-11-13,81.56
2013-11-14,82.36
2013-11-15,82.76
2013-11-18,82.36
2013-11-19,81.76
2013-11-20,79.95
2013-11-21,80.96
2013-11-22,82.56
2013-11-25,81.76
2013-11-26,81.16
2013-11-27,80.56
2013-11-29,80.16
2013-12-02,79.07
2013-12-03,79.67
2013-12-04,78.87
2013-12-05,78.06
2013-12-06,79.07
2013-12-09,80.08
2013-12-10,78.47
2013-12-11,76.81
2013-12-12,74.79
2013-12-13,75.0
2013-12-16,76.2
2013-12-17,75.4
2013-12-18,78.62
2013-12-19,78.22
2013-12-20,79.63
2013-12-23,81.04
2013-12-24,81.85
2013-12-26,82.05
2013-12-27,81.25
2013-12-30,81.85
2013-12-31,82.25
2014-01-02,80.04
2014-01-03,79.43
2014-01-06,78.71
2014-01-07,79.31
2014-01-08,78.11
2014-01-09,77.71
2014-01-10,79.11
2014-01-13,76.7
2014-01-14,78.71
2014-01-15,78.91
2014-01-16,78.71
2014-01-17,76.9
2014-01-21,77.51
2014-01-22,77.1
2014-01-23,73.69
2014-01-24,67.06
2014-01-27,66.66
2014-01-28,68.47
2014-01-29,66.66
2014-01-30,70.08
2014-01-31,69.07
2014-02-03,59.03
2014-02-04,62.24
2014-02-05,61.36
2014-02-06,66.8
2014-02-07,70.62
2014-02-10,71.22
2014-02-11,75.25
2014-02-12,75.45
2014-02-13,76.65
2014-02-14,77.46
2014-02-18,77.26
2014-02-19,75.05
2014-02-20,76.05
2014-02-21,76.45
2014-02-24,78.06
2014-02-25,76.86
2014-02-26,77.46
2014-02-27,78.26
2014-02-28,80.08
2014-03-03,77.4
2014-03-04,80.4
2014-03-05,79.4
2014-03-06,80.0
2014-03-07,80.59
2014-03-10,79.4
2014-03-11,79.8
2014-03-12,79.59
2014-03-13,77.59
2014-03-14,77.59
2014-03-17,79.4
2014-03-18,80.59
2014-03-19,78.19
2014-03-20,78.59
2014-03-21,79.0
2014-03-24,78.19
2014-03-25,78.8
2014-03-26,77.8
2014-03-27,76.8
2014-03-28,78.0
2014-03-31,81.0
2014-04-01,82.8
2014-04-02,84.19
2014-04-03,84.19
2014-04-04,82.19
2014-04-07,77.0
2014-04-08,79.0
2014-04-09,82.0
2014-04-10,74.4
2014-04-11,68.4
2014-04-14,71.88
2014-04-15,74.89
2014-04-16,77.1
2014-04-17,78.91
2014-04-21,79.59
2014-04-22,81.4
2014-04-23,80.8
2014-04-24,80.4
2014-04-25,76.4
2014-04-28,75.4
2014-04-29,76.59
2014-04-30,78.19
2014-05-01,77.8
2014-05-02,77.15
2014-05-05,77.75
2014-05-06,74.54
2014-05-07,76.55
2014-05-08,76.5
2014-05-09,78.31
2014-05-12,80.52
2014-05-13,80.32
2014-05-14,78.71
2014-05-15,73.89
2014-05-16,75.1
2014-05-19,77.1
2014-05-20,73.49
2014-05-21,75.9
2014-05-22,77.71
2014-05-23,78.51
2014-05-27,79.11
2014-05-28,79.11
2014-05-29,80.52
2014-05-30,80.32
2014-06-02,81.4
2014-06-03,80.59
2014-06-04,82.19
2014-06-05,83.8
2014-06-06,86.8
2014-06-09,86.8
2014-06-10,85.59
2014-06-11,84.59
2014-06-12,82.19
2014-06-13,83.59
2014-06-16,82.59
2014-06-17,84.59
2014-06-18,85.59
2014-06-19,85.4
2014-06-20,85.59
2014-06-23,86.0
2014-06-24,84.8
2014-06-25,85.19
2014-06-26,85.0
2014-06-27,85.0
2014-06-30,84.4
2014-07-01,86.59
2014-07-02,85.77
2014-07-03,87.97
2014-07-07,86.59
2014-07-08,85.19
2014-07-09,85.8
2014-07-10,84.0
2014-07-11,84.4
2014-07-14,85.19
2014-07-15,84.8
2014-07-16,85.0
2014-07-17,78.8
2014-07-18,83.59
2014-07-21,80.8
2014-07-22,82.8
2014-07-23,82.4
2014-07-24,83.8
2014-07-25,79.19
2014-07-28,78.4
2014-07-29,76.19
2014-07-30,76.4
2014-07-31,65.4
2014-08-01,62.79
2014-08-04,66.59
2014-08-05,61.4
2014-08-06,62.59
2014-08-07,58.79
2014-08-08,67.0
2014-08-11,67.8
2014-08-12,66.8
2014-08-13,69.4
2014-08-14,72.4
2014-08-15,70.19
2014-08-18,75.4
2014-08-19,78.0
2014-08-20,78.59
2014-08-21,80.19
2014-08-22,78.4
2014-08-25,81.0
2014-08-26,80.0
2014-08-27,80.59
2014-08-28,80.0
2014-08-29,80.8
2014-09-02,80.59
2014-09-03,80.4
2014-09-04,79.59
2014-09-05,81.0
2014-09-08,78.8
2014-09-09,74.8
2014-09-10,77.59
2014-09-11,77.19
2014-09-12,71.8
2014-09-15,72.19
2014-09-16,74.19
2014-09-17,75.0
2014-09-18,75.4
2014-09-19,74.8
2014-09-22,70.19
2014-09-23,64.19
2014-09-24,68.8
2014-09-25,60.79
2014-09-26,64.8
2014-09-29,63.59
2014-09-30,62.0
2014-10-01,56.4
2014-10-02,55.79
2014-10-03,60.79
2014-10-06,58.2
2014-10-07,49.4
2014-10-08,58.4
2014-10-09,50.4
2014-10-10,43.2
2014-10-13,38.0
2014-10-14,37.79
2014-10-15,35.79
2014-10-16,36.2
2014-10-17,41.0
2014-10-20,46.0
2014-10-21,55.79
2014-10-22,51.2
2014-10-23,56.4
2014-10-24,59.79
2014-10-27,60.4
2014-10-28,64.4
2014-10-29,63.4
2014-10-30,66.4
2014-10-31,71.0
2014-11-03,70.8
2014-11-04,70.4
2014-11-05,72.0
2014-11-06,74.8
2014-11-07,73.8
2014-11-10,74.59
2014-11-11,74.19
2014-11-12,74.4
2014-11-13,72.0
2014-11-14,72.59
2014-11-17,72.8
2014-11-18,74.59
2014-11-19,73.59
2014-11-20,74.4
2014-11-21,75.8
2014-11-24,76.4
2014-11-25,77.0
2014-11-26,76.19
2014-11-28,75.4
2014-12-01,74.4
2014-12-02,74.8
2014-12-03,75.95
2014-12-04,75.15
2014-12-05,75.95
2014-12-08,74.74
2014-12-09,75.55
2014-12-10,69.73
2014-12-11,71.34
2014-12-12,65.93
2014-12-15,65.33
2014-12-16,62.92
2014-12-17,67.93
2014-12-18,73.14
2014-12-19,74.94
2014-12-22,75.75
2014-12-23,75.95
2014-12-24,76.35
2014-12-26,76.95
2014-12-29,77.35
2014-12-30,76.55
2014-12-31,75.1
2015-01-02,75.5
2015-01-05,68.87
2015-01-06,66.13
2015-01-07,69.12
2015-01-08,72.5
2015-01-09,69.92
2015-01-12,67.72
2015-01-13,66.33
2015-01-14,62.54
2015-01-15,59.76
2015-01-16,62.74
2015-01-20,63.34
2015-01-21,65.33
2015-01-22,68.92
2015-01-23,67.33
2015-01-26,67.52
2015-01-27,64.34
2015-01-28,61.07
2015-01-29,63.47
2015-01-30,60.87
2015-02-02,63.2
2015-02-03,66.8
2015-02-04,66.19
2015-02-05,67.4
2015-02-06,68.59
2015-02-09,68.4
2015-02-10,69.8
2015-02-11,69.59
2015-02-12,72.4
2015-02-13,72.59
2015-02-17,73.19
2015-02-18,72.59
2015-02-19,72.94
2015-02-20,73.54
2015-02-23,72.74
2015-02-24,73.5
2015-02-25,73.3
2015-02-26,73.5
2015-02-27,72.9
2015-03-02,73.5
2015-03-03,73.3
2015-03-04,70.71
2015-03-05,70.31
2015-03-06,65.33
2015-03-09,65.73
2015-03-10,62.54
2015-03-11,60.95
2015-03-12,66.13
2015-03-13,63.47
2015-03-16,66.26
2015-03-17,64.27
2015-03-18,68.53
2015-03-19,66.53
2015-03-20,69.53
2015-03-23,69.53
2015-03-24,67.53
2015-03-25,62.52
2015-03-26,61.92
2015-03-27,61.32
2015-03-30,65.73
2015-03-31,63.32
2015-04-01,63.32
2015-04-02,64.72
2015-04-06,66.73
2015-04-07,65.33
2015-04-08,65.13
2015-04-09,66.33
2015-04-10,66.73
2015-04-13,65.13
2015-04-14,67.53
2015-04-15,70.54
2015-04-16,69.33
2015-04-17,65.73
2015-04-20,69.53
2015-04-21,66.73
2015-04-22,68.53
2015-04-23,69.33
2015-04-24,68.93
2015-04-27,67.93
2015-04-28,70.34
2015-04-29,69.13
2015-04-30,63.12
2015-05-01,67.73
2015-05-04,69.33
2015-05-05,63.12
2015-05-06,61.12
2015-05-07,63.52
2015-05-08,66.93
2015-05-11,66.13
2015-05-12,64.72
2015-05-13,65.13
2015-05-14,66.73
2015-05-15,67.33
2015-05-18,69.13
2015-05-19,67.93
2015-05-20,67.33
2015-05-21,68.53
2015-05-22,66.73
2015-05-26,62.52
2015-05-27,64.12
2015-05-28,64.12
2015-05-29,58.71
2015-06-01,60.55
2015-06-02,60.15
2015-06-03,60.95
2015-06-04,56.77
2015-06-05,56.17
2015-06-08,54.18
2015-06-09,53.38
2015-06-10,57.96
2015-06-11,57.76
2015-06-12,56.17
2015-06-15,53.4
2015-06-16,55.59
2015-06-17,56.59
2015-06-18,60.4
2015-06-19,58.4
2015-06-22,59.2
2015-06-23,59.0
2015-06-24,56.79
2015-06-25,55.0
2015-06-26,54.59
2015-06-29,47.49
2015-06-30,48.69
2015-07-01,50.4
2015-07-02,50.4
2015-07-06,49.39
2015-07-07,52.41
2015-07-08,44.64
2015-07-09,46.06
2015-07-10,49.49
2015-07-13,53.93
2015-07-14,54.34
2015-07-15,53.76
2015-07-16,56.15
2015-07-17,54.16
2015-07-20,53.96
2015-07-21,51.0
2015-07-22,51.6
2015-07-23,50.6
2015-07-24,48.39
2015-07-27,45.38
2015-07-28,48.89
2015-07-29,52.31
2015-07-30,51.3
2015-07-31,52.71
2015-08-03,51.71
2015-08-04,50.3
2015-08-05,51.3
2015-08-06,49.89
2015-08-07,51.59
2015-08-10,54.18
2015-08-11,52.39
2015-08-12,52.98
2015-08-13,52.78
2015-08-14,54.38
2015-08-17,55.57
2015-08-18,54.98
2015-08-19,53.58
2015-08-20,46.21
2015-08-21,34.06
2015-08-24,19.92
2015-08-25,17.13
2015-08-26,25.89
2015-08-27,32.27
2015-08-28,32.07
2015-08-31,29.28
2015-09-01,21.75
2015-09-02,26.14
2015-09-03,27.34
2015-09-04,24.0
2015-09-08,29.6
2015-09-09,26.6
2015-09-10,27.6
2015-09-11,28.79
2015-09-14,27.79
2015-09-15,31.2
2015-09-16,32.79
2015-09-17,31.79
2015-09-18,28.39
2015-09-21,28.6
2015-09-22,25.79
2015-09-23,26.6
2015-09-24,26.39
2015-09-25,27.0
2015-09-28,19.39
2015-09-29,20.6
2015-09-30,24.6
2015-10-01,26.0
2015-10-02,29.39
2015-10-05,34.85
2015-10-06,31.88
2015-10-07,34.65
2015-10-08,38.01
2015-10-09,36.63
2015-10-12,38.21
2015-10-13,36.03
2015-10-14,35.04
2015-10-15,39.0
2015-10-16,40.59
2015-10-19,40.59
2015-10-20,40.39
2015-10-21,38.01
2015-10-22,43.76
2015-10-23,45.54
2015-10-26,44.75
2015-10-27,44.35
2015-10-28,48.51
2015-10-29,48.31
2015-10-30,47.52
2015-11-02,53.26
2015-11-03,52.57
2015-11-04,50.79
2015-11-05,50.79
2015-11-06,49.0
2015-11-09,46.03
2015-11-10,47.22
2015-11-11,47.02
2015-11-12,39.68
2015-11-13,35.71
2015-11-16,42.46
2015-11-17,39.68
2015-11-18,47.42
2015-11-19,48.21
2015-11-20,50.29
2015-11-23,49.5
2015-11-24,49.3
2015-11-25,50.69
2015-11-27,51.49
2015-11-30,50.29
2015-12-01,52.68
2015-12-02,47.71
2015-12-03,42.09
2015-12-04,50.59
2015-12-07,48.61
2015-12-08,45.45
2015-12-09,41.5
2015-12-10,41.3
2015-12-11,35.17
2015-12-14,36.95
2015-12-15,42.37
2015-12-16,47.12
2015-12-17,43.36
2015-12-18,37.22
2015-12-21,40.0
2015-12-22,41.98
2015-12-23,45.14
2015-12-24,44.75
2015-12-28,44.15
2015-12-29,48.31
2015-12-30,45.03
2015-12-31,43.05
2016-01-04,37.89
2016-01-05,38.88
2016-01-06,35.91
2016-01-07,27.97
2016-01-08,23.01
2016-01-11,24.2
2016-01-12,26.19
2016-01-13,21.62
2016-01-14,23.01
2016-01-15,20.47
2016-01-19,21.07
2016-01-20,18.48
2016-01-21,17.89
2016-01-22,23.45
2016-01-25,20.07
2016-01-26,22.86
2016-01-27,22.46
2016-01-28,23.06
2016-01-29,29.02
2016-02-01,29.64
2016-02-02,26.53
2016-02-03,27.57
2016-02-04,27.77
2016-02-05,24.4
2016-02-08,21.42
2016-02-09,21.62
2016-02-10,21.82
2016-02-11,19.04
2016-02-12,23.8
2016-02-16,26.58
2016-02-17,30.15
2016-02-18,29.36
2016-02-19,29.96
2016-02-22,33.53
2016-02-23,32.4
2016-02-24,33.39
2016-02-25,35.58
2016-02-26,35.98
2016-02-29,34.52
2016-03-01,40.47
2016-03-02,41.86
2016-03-03,44.04
2016-03-04,44.44
2016-03-07,46.12
2016-03-08,41.74
2016-03-09,44.93
2016-03-10,44.33
2016-03-11,51.88
2016-03-14,51.88
2016-03-15,50.89
2016-03-16,53.87
2016-03-17,56.66
2016-03-18,57.65
2016-03-21,57.42
2016-03-22,56.63
2016-03-23,54.45
2016-03-24,54.25
2016-03-28,55.35
2016-03-29,56.94
2016-03-30,58.13
2016-03-31,59.12
2016-04-01,60.51
2016-04-04,60.11
2016-04-05,56.46
2016-04-06,60.11
2016-04-07,56.34
2016-04-08,58.33
2016-04-11,57.73
2016-04-12,61.5
2016-04-13,65.07
2016-04-14,64.88
2016-04-15,64.48
2016-04-18,66.07
2016-04-19,68.25
2016-04-20,70.03
2016-04-21,69.04
2016-04-22,71.42
2016-04-25,69.84
2016-04-26,73.01
2016-04-27,75.19
2016-04-28,69.18
2016-04-29,66.99
2016-05-02,69.18
2016-05-03,63.94
2016-05-04,61.55
2016-05-05,61.55
2016-05-06,63.54
2016-05-09,63.74
2016-05-10,67.33
2016-05-11,64.14
2016-05-12,64.34
2016-05-13,61.95
2016-05-16,63.07
2016-05-17,61.67
2016-05-18,61.27
2016-05-19,60.59
2016-05-20,63.79
2016-05-23,63.4
2016-05-24,68.59
2016-05-25,71.19
2016-05-26,71.0
2016-05-27,72.19
2016-05-31,72.4
2016-06-01,71.8
2016-06-02,72.8
2016-06-03,70.94
2016-06-06,73.32
2016-06-07,73.51
2016-06-08,75.09
2016-06-09,72.72
2016-06-10,69.96
2016-06-13,68.37
2016-06-14,66.79
2016-06-15,66.4
2016-06-16,67.78
2016-06-17,67.39
2016-06-20,68.97
2016-06-21,68.97
2016-06-22,68.51
2016-06-23,72.87
2016-06-24,59.0
2016-06-27,51.08
2016-06-28,56.83
2016-06-29,62.57
2016-06-30,67.52
2016-07-01,66.33
2016-07-05,63.69
2016-07-06,63.88
2016-07-07,64.68
2016-07-08,69.04
2016-07-11,70.43
2016-07-12,72.42
2016-07-13,72.61
2016-07-14,75.19
2016-07-15,75.19
2016-07-18,75.79
2016-07-19,75.0
2016-07-20,75.99
2016-07-21,76.19
2016-07-22,77.18
2016-07-25,77.18
2016-07-26,77.38
2016-07-27,75.59
2016-07-28,75.0
2016-07-29,75.19
2016-08-01,73.61
2016-08-02,70.63
2016-08-03,73.21
2016-08-04,73.01
2016-08-05,76.58
2016-08-08,77.18
2016-08-09,75.79
2016-08-10,74.8
2016-08-11,78.17
2016-08-12,77.38
2016-08-15,78.76
2016-08-16,77.38
2016-08-17,77.18
2016-08-18,78.76
2016-08-19,79.96
2016-08-22,79.36
2016-08-23,79.56
2016-08-24,78.96
2016-08-25,77.97
2016-08-26,77.18
2016-08-29,78.76
2016-08-30,77.77
2016-08-31,76.58
2016-09-01,76.98
2016-09-02,77.38
2016-09-06,78.13
2016-09-07,78.52
2016-09-08,77.68
2016-09-09,67.33
2016-09-12,74.5
2016-09-13,67.92
2016-09-14,66.93
2016-09-15,69.72
2016-09-16,67.92
2016-09-19,68.52
2016-09-20,67.52
2016-09-21,71.71
2016-09-22,74.9
2016-09-23,72.7
2016-09-26,69.26
2016-09-27,71.45
2016-09-28,72.65
2016-09-29,71.05
2016-09-30,72.65
2016-10-03,70.25
2016-10-04,65.87
2016-10-05,65.68
2016-10-06,66.27
2016-10-07,64.29
2016-10-10,66.07
2016-10-11,60.55
2016-10-12,61.34
2016-10-13,61.53
2016-10-14,60.35
2016-10-17,59.36
2016-10-18,61.73
2016-10-19,62.32
2016-10-20,61.93
2016-10-21,61.34
2016-10-24,62.72
2016-10-25,59.56
2016-10-26,59.36
2016-10-27,56.41
2016-10-28,57.39
2016-10-31,58.77
2016-11-01,53.64
2016-11-02,51.47
2016-11-03,50.88
2016-11-04,49.9
2016-11-07,56.8
2016-11-08,58.38
2016-11-09,60.35
2016-11-10,60.55
2016-11-11,58.77
2016-11-14,60.55
2016-11-15,63.51
2016-11-16,61.34
2016-11-17,63.7
2016-11-18,61.93
2016-11-21,63.11
2016-11-22,65.28
2016-11-23,63.7
2016-11-25,67.06
2016-11-28,65.08
2016-11-29,64.49
2016-11-30,61.53
2016-12-01,60.55
2016-12-02,59.17
2016-12-05,60.94
2016-12-06,62.13
2016-12-07,66.99
2016-12-08,67.58
2016-12-09,67.98
2016-12-12,67.45
2016-12-13,69.63
2016-12-14,65.87
2016-12-15,65.87
2016-12-16,64.89
2016-12-19,65.08
2016-12-20,66.07
2016-12-21,65.08
2016-12-22,62.91
2016-12-23,63.7
2016-12-27,64.1
2016-12-28,61.34
2016-12-29,61.93
2016-12-30,60.35
2017-01-03,61.93
2017-01-04,66.07
2017-01-05,64.89
2017-01-06,66.79
2017-01-09,64.62
2017-01-10,65.81
2017-01-11,65.61
2017-01-12,66.2
2017-01-13,66.26
2017-01-17,67.92
2017-01-18,67.52
2017-01-19,64.75
2017-01-20,66.33
2017-01-23,64.35
2017-01-24,66.33
2017-01-25,67.72
2017-01-26,66.13
2017-01-27,64.55
2017-01-30,64.15
2017-01-31,65.94
2017-02-01,64.55
2017-02-02,67.72
2017-02-03,68.51
2017-02-06,66.92
2017-02-07,67.12
2017-02-08,68.89
2017-02-09,71.85
2017-02-10,72.83
2017-02-13,73.81
2017-02-14,73.81
2017-02-15,75.39
2017-02-16,75.59
2017-02-17,76.18
2017-02-21,77.75
2017-02-22,76.96
2017-02-23,76.37
2017-02-24,78.54
2017-02-27,78.93
2017-02-28,77.12
2017-03-01,79.88
2017-03-02,78.69
2017-03-03,77.9
2017-03-06,76.52
2017-03-07,74.16
2017-03-08,73.17
2017-03-09,72.97
2017-03-10,73.46
2017-03-13,73.46
2017-03-14,72.76
2017-03-15,76.14
2017-03-16,74.55
2017-03-17,75.94
2017-03-20,74.95
2017-03-21,73.35
2017-03-22,73.55
2017-03-23,73.35
2017-03-24,72.76
2017-03-27,71.96
2017-03-28,74.75
2017-03-29,75.34
2017-03-30,76.14
2017-03-31,75.74
2017-04-03,74.35
2017-04-04,74.95
2017-04-05,73.75
2017-04-06,73.95
2017-04-07,75.24
2017-04-10,76.63
2017-04-11,77.02
2017-04-12,74.25
2017-04-13,69.9
2017-04-17,74.05
2017-04-18,72.27
2017-04-19,71.88
2017-04-20,74.05
2017-04-21,73.06
2017-04-24,75.24
2017-04-25,76.23
2017-04-26,76.23
2017-04-27,75.24
2017-04-28,73.06
2017-05-01,71.88
2017-05-02,72.07
2017-05-03,71.08
2017-05-04,70.69
2017-05-05,71.28
2017-05-08,71.28
2017-05-09,71.48
2017-05-10,70.89
2017-05-11,69.9
2017-05-12,68.71
2017-05-15,69.5
2017-05-16,67.72
2017-05-17,63.96
2017-05-18,64.15
2017-05-19,66.93
2017-05-22,68.31
2017-05-23,68.91
2017-05-24,68.91
2017-05-25,68.91
2017-05-26,68.91
2017-05-30,67.52
2017-05-31,67.92
2017-06-01,70.69
2017-06-02,70.89
2017-06-05,69.9
2017-06-06,68.91
2017-06-07,69.7
2017-06-08,69.3
2017-06-09,69.9
2017-06-12,72.07
2017-06-13,73.06
2017-06-14,71.28
2017-06-15,71.88
2017-06-16,71.82
2017-06-19,72.02
2017-06-20,70.23
2017-06-21,70.23
2017-06-22,70.03
2017-06-23,70.03
2017-06-26,72.22
2017-06-27,69.44
2017-06-28,72.42
2017-06-29,70.43
2017-06-30,70.49
2017-07-03,73.06
2017-07-05,70.89
2017-07-06,69.3
2017-07-07,70.09
2017-07-10,69.7
2017-07-11,69.5
2017-07-12,70.89
2017-07-13,70.49
2017-07-14,72.07
2017-07-17,72.67
2017-07-18,71.88
2017-07-19,73.66
2017-07-20,72.87
2017-07-21,73.71
2017-07-24,72.33
2017-07-25,74.11
2017-07-26,72.67
2017-07-27,73.06
2017-07-28,71.08
2017-07-31,71.68
2017-08-01,71.42
2017-08-02,70.03
2017-08-03,69.44
2017-08-04,70.03
2017-08-07,69.64
2017-08-08,69.44
2017-08-09,68.45
2017-08-10,63.88
2017-08-11,65.34
2017-08-14,67.72
2017-08-15,67.12
2017-08-16,67.32
2017-08-17,60.79
2017-08-18,60.39
2017-08-21,59.4
2017-08-22,62.77
2017-08-23,61.78
2017-08-24,61.38
2017-08-25,62.97
2017-08-28,61.58
2017-08-29,60.99
2017-08-30,61.98
2017-08-31,63.16
2017-09-01,63.88
2017-09-05,60.0
2017-09-06,62.37
2017-09-07,61.38
2017-09-08,62.17
2017-09-11,63.96
2017-09-12,66.33
2017-09-13,65.54
2017-09-14,64.68
2017-09-15,66.26
2017-09-18,66.26
2017-09-19,67.65
2017-09-20,67.85
2017-09-21,67.26
2017-09-22,67.06
2017-09-25,69.04
2017-09-26,68.65
2017-09-27,69.24
2017-09-28,69.44
2017-09-29,70.03
2017-10-02,71.23
2017-10-03,69.84
2017-10-04,71.23
2017-10-05,72.47
2017-10-06,71.48
2017-10-09,70.09
2017-10-10,70.89
2017-10-11,72.07
2017-10-12,72.07
2017-10-13,71.68
2017-10-16,71.48
2017-10-17,71.88
2017-10-18,72.07
2017-10-19,72.47
2017-10-20,73.46
2017-10-23,73.46
2017-10-24,72.27
2017-10-25,70.69
2017-10-26,69.3
2017-10-27,69.5
2017-10-30,68.51
2017-10-31,67.46
2017-11-01,68.25
2017-11-02,67.59
2017-11-03,67.39
2017-11-06,67.99
2017-11-07,67.72
2017-11-08,67.72
2017-11-09,68.11
2017-11-10,67.72
2017-11-13,67.72
2017-11-14,67.52
2017-11-15,65.47
2017-11-16,67.85
2017-11-17,66.46
2017-11-20,67.26
2017-11-21,69.04
2017-11-22,68.45
2017-11-24,68.05
2017-11-27,67.06
2017-11-28,70.63
2017-11-29,72.22
2017-11-30,71.82
2017-12-01,74.2
2017-12-04,76.43
2017-12-05,74.25
2017-12-06,73.66
2017-12-07,74.65
2017-12-08,74.45
2017-12-11,76.23
2017-12-12,77.02
2017-12-13,75.64
2017-12-14,74.45
2017-12-15,77.22
2017-12-18,77.02
2017-12-19,75.04
2017-12-20,76.03
2017-12-21,76.03
2017-12-22,76.43
2017-12-26,76.23
2017-12-27,76.43
2017-12-28,76.83
2017-12-29,76.63
2018-01-02,76.58
2018-01-03,76.19
2018-01-04,76.78
2018-01-05,78.01
2018-01-08,78.81
2018-01-09,77.62
2018-01-10,76.83
2018-01-11,77.02
2018-01-12,77.62
2018-01-16,77.22
2018-01-17,78.41
2018-01-18,77.82
2018-01-19,78.41
2018-01-22,79.8
2018-01-23,80.99
2018-01-24,80.79
2018-01-25,80.99
2018-01-26,82.17
2018-01-29,80.79
2018-01-30,79.4
2018-01-31,79.4
2018-02-01,77.82
2018-02-02,74.65
2018-02-05,61.18
2018-02-06,66.53
2018-02-07,64.75
2018-02-08,51.88
2018-02-09,57.02
2018-02-12,60.99
2018-02-13,61.18
2018-02-14,65.94
2018-02-15,68.71
2018-02-16,69.3
2018-02-20,67.12
2018-02-21,65.74
2018-02-22,64.95
2018-02-23,68.51
2018-02-26,70.09
2018-02-27,66.66
2018-02-28,63.61
2018-03-01,60.03
2018-03-02,60.83
2018-03-05,63.36
2018-03-06,63.96
2018-03-07,63.96
2018-03-08,64.48
2018-03-09,69.04
2018-03-12,68.65
2018-03-13,66.86
2018-03-14,65.67
2018-03-15,64.28
2018-03-16,65.27
2018-03-19,62.69
2018-03-20,62.42
2018-03-21,62.42
2018-03-22,54.67
2018-03-23,48.11
2018-03-26,56.06
2018-03-27,52.08
2018-03-28,52.28
2018-03-29,56.26
2018-04-02,46.71
2018-04-03,51.48
2018-04-04,57.02
2018-04-05,57.14
2018-04-06,49.2
2018-04-09,50.59
2018-04-10,54.76
2018-04-11,52.57
2018-04-12,55.75
2018-04-13,53.96
2018-04-16,57.34
2018-04-17,59.72
2018-04-18,60.11
2018-04-19,57.14
2018-04-20,54.96
2018-04-23,56.74
2018-04-24,51.98
2018-04-25,52.77
2018-04-26,55.75
2018-04-27,54.36
2018-04-30,50.39
2018-05-01,52.38
2018-05-02,48.21
2018-05-03,47.72
2018-05-04,53.26
2018-05-07,53.46
2018-05-08,52.27
2018-05-09,54.65
2018-05-10,58.41
2018-05-11,60.0
2018-05-14,59.2
2018-05-15,56.83
2018-05-16,57.82
2018-05-17,57.02
2018-05-18,58.21
2018-05-21,60.39
2018-05-22,58.41
2018-05-23,59.2
2018-05-24,59.32
2018-05-25,57.53
2018-05-29,50.99
2018-05-30,56.94
2018-05-31,52.38
2018-06-01,56.26
2018-06-04,56.43
2018-06-05,58.01
2018-06-06,60.19
2018-06-07,61.58
2018-06-08,61.9
2018-06-11,63.09
2018-06-12,63.69
2018-06-13,60.71
2018-06-14,60.91
2018-06-15,60.31
2018-06-18,60.03
2018-06-19,55.75
2018-06-20,56.15
2018-06-21,55.15
2018-06-22,57.73
2018-06-25,54.16
2018-06-26,53.17
2018-06-27,50.79
2018-06-28,52.38
2018-06-29,52.87
2018-07-02,52.27
2018-07-03,52.87
2018-07-05,55.64
2018-07-06,57.62
2018-07-09,60.39
2018-07-10,61.5
2018-07-11,58.92
2018-07-12,59.72
2018-07-13,60.11
2018-07-16,59.32
2018-07-17,60.91
2018-07-18,61.9
2018-07-19,61.11
2018-07-20,59.92
2018-07-23,58.33
2018-07-24,58.53
2018-07-25,61.3
2018-07-26,63.88
2018-07-27,62.1
2018-07-30,61.11
2018-07-31,64.55
2018-08-01,61.98
2018-08-02,62.97
2018-08-03,64.95
2018-08-06,65.74
2018-08-07,65.74
2018-08-08,65.74
2018-08-09,64.95
2018-08-10,61.38
2018-08-13,59.4
2018-08-14,63.56
2018-08-15,61.78
2018-08-16,64.35
2018-08-17,64.55
2018-08-20,65.54
2018-08-21,65.54
2018-08-22,64.95
2018-08-23,63.76
2018-08-24,64.95
2018-08-27,66.13
2018-08-28,66.33
2018-08-29,67.65
2018-08-30,65.87
2018-08-31,65.87
2018-09-04,65.34
2018-09-05,64.95
2018-09-06,63.96
2018-09-07,63.16
2018-09-10,63.56
2018-09-11,63.56
2018-09-12,63.76
2018-09-13,63.09
2018-09-14,63.29
2018-09-17,63.09
2018-09-18,63.69
2018-09-19,66.07
2018-09-20,69.44
2018-09-21,70.03
2018-09-24,65.87
2018-09-25,64.48
2018-09-26,62.1
2018-09-27,62.3
2018-09-28,62.3
2018-10-01,62.05
2018-10-02,61.78
2018-10-03,62.17
2018-10-04,62.37
2018-10-05,60.99
2018-10-08,62.77
2018-10-09,60.79
2018-10-10,49.9
2018-10-11,37.22
2018-10-12,41.86
2018-10-15,42.46
2018-10-16,50.59
2018-10-17,48.21
2018-10-18,43.65
2018-10-19,43.84
2018-10-22,41.46
2018-10-23,40.07
2018-10-24,32.34
2018-10-25,36.11
2018-10-26,32.14
2018-10-29,32.53
2018-10-30,39.48
2018-10-31,39.48
2018-11-01,43.65
2018-11-02,42.46
2018-11-05,44.84
2018-11-06,45.83
2018-11-07,49.7
2018-11-08,49.9
2018-11-09,47.51
2018-11-12,42.94
2018-11-13,43.14
2018-11-14,40.35
2018-11-15,42.94
2018-11-16,43.53
2018-11-19,39.16
2018-11-20,34.19
2018-11-21,34.59
2018-11-23,34.99
2018-11-26,37.97
2018-11-27,37.77
2018-11-28,44.62
2018-11-29,43.62
2018-11-30,45.72
2018-12-03,49.9
2018-12-04,40.95
2018-12-05,40.95
2018-12-06,39.36
2018-12-07,34.79
2018-12-10,36.38
2018-12-11,35.38
2018-12-12,36.58
2018-12-13,35.58
2018-12-14,31.41
2018-12-17,24.25
2018-12-18,25.64
2018-12-19,20.87
2018-12-20,16.5
2018-12-21,14.51
2018-12-24,9.56
2018-12-26,15.13
2018-12-27,17.52
2018-12-28,17.33
2018-12-31,20.31
2019-01-02,17.02
2019-01-03,12.5
2019-01-04,19.44
2019-01-07,22.22
2019-01-08,25.99
2019-01-09,26.78
2019-01-10,27.97
2019-01-11,29.16
2019-01-14,26.98
2019-01-15,29.96
2019-01-16,29.56
2019-01-17,31.74
2019-01-18,37.69
2019-01-22,33.33
2019-01-23,32.73
2019-01-24,33.73
2019-01-25,36.9
2019-01-28,35.31
2019-01-29,35.71
2019-01-30,42.37
2019-01-31,42.77
2019-02-01,45.14
2019-02-04,47.92
2019-02-05,49.5
2019-02-06,49.5
2019-02-07,45.94
2019-02-08,46.93
2019-02-11,47.32
2019-02-12,52.27
2019-02-13,55.24
2019-02-14,53.86
2019-02-15,57.53
2019-02-19,58.73
2019-02-20,59.92
2019-02-21,58.33
2019-02-22,59.52
2019-02-25,59.12
2019-02-26,57.73
2019-02-27,57.93
2019-02-28,56.94
2019-03-01,58.53
2019-03-04,58.61
2019-03-05,57.02
2019-03-06,54.45
2019-03-07,50.49
2019-03-08,49.3
2019-03-11,53.86
2019-03-12,54.85
2019-03-13,56.23
2019-03-14,55.04
2019-03-15,56.03
2019-03-18,59.0
2019-03-19,55.84
2019-03-20,53.26
2019-03-21,57.62
2019-03-22,51.88
2019-03-25,52.07
2019-03-26,53.66
2019-03-27,53.86
2019-03-28,55.04
2019-03-29,57.02
2019-04-01,61.78
2019-04-02,62.57
2019-04-03,62.97
2019-04-04,65.34
2019-04-05,67.32
2019-04-08,67.92
2019-04-09,64.95
2019-04-10,67.12
2019-04-11,67.32
2019-04-12,71.08
2019-04-15,69.7
2019-04-16,70.29
2019-04-17,69.7
2019-04-18,70.49
2019-04-22,69.5
2019-04-23,72.47
2019-04-24,71.88
2019-04-25,70.89
2019-04-26,70.69
2019-04-29,70.29
2019-04-30,70.89
2019-05-01,68.11
2019-05-02,67.92
2019-05-03,69.3
2019-05-06,68.71
2019-05-07,66.13
2019-05-08,63.76
2019-05-09,63.96
2019-05-10,64.35
2019-05-13,55.84
2019-05-14,57.42
2019-05-15,58.21
2019-05-16,59.0
2019-05-17,58.01
2019-05-20,57.02
2019-05-21,60.39
2019-05-22,58.81
2019-05-23,54.85
2019-05-24,54.85
2019-05-28,51.88
2019-05-29,50.89
2019-05-30,51.08
2019-05-31,48.31
2019-06-03,49.0
2019-06-04,55.75
2019-06-05,58.53
2019-06-06,59.32
2019-06-07,60.91
2019-06-10,61.7
2019-06-11,61.11
2019-06-12,60.71
2019-06-13,62.1
2019-06-14,61.11
2019-06-17,61.11
2019-06-18,65.27
2019-06-19,66.26
2019-06-20,69.04
2019-06-21,67.85
2019-06-24,68.65
2019-06-25,67.65
2019-06-26,66.26
2019-06-27,67.65
2019-06-28,71.42
2019-07-01,72.22
2019-07-02,71.91
2019-07-03,73.9
2019-07-05,73.7
2019-07-08,71.71
2019-07-09,71.51
2019-07-10,71.45
2019-07-11,71.45
2019-07-12,72.85
2019-07-15,72.45
2019-07-16,72.45
2019-07-17,70.85
2019-07-18,70.45
2019-07-19,71.05
2019-07-22,71.05
2019-07-23,72.85
2019-07-24,75.24
2019-07-25,72.65
2019-07-26,74.45
2019-07-29,73.86
2019-07-30,73.86
2019-07-31,71.08
2019-08-01,66.73
2019-08-02,64.95
2019-08-05,53.46
2019-08-06,57.62
2019-08-07,57.22
2019-08-08,62.17
2019-08-09,59.72
2019-08-12,56.85
2019-08-13,59.0
2019-08-14,52.47
2019-08-15,52.07
2019-08-16,54.45
2019-08-19,57.22
2019-08-20,55.64
2019-08-21,57.62
2019-08-22,57.42
2019-08-23,51.08
2019-08-26,53.66
2019-08-27,52.47
2019-08-28,54.45
2019-08-29,56.43
2019-08-30,57.02
2019-09-03,55.44
2019-09-04,56.63
2019-09-05,62.97
2019-09-06,64.55
2019-09-09,67.52
2019-09-10,71.08
2019-09-11,73.66
2019-09-12,73.26
2019-09-13,75.04
2019-09-16,74.45
2019-09-17,72.87
2019-09-18,71.88
2019-09-19,71.42
2019-09-20,70.43
2019-09-23,69.84
2019-09-24,68.25
2019-09-25,69.04
2019-09-26,67.46
2019-09-27,67.26
2019-09-30,67.26
2019-10-01,64.48
2019-10-02,56.54
2019-10-03,58.81
2019-10-04,62.37
2019-10-07,59.8
2019-10-08,53.06
2019-10-09,55.84
2019-10-10,58.01
2019-10-11,62.57
2019-10-14,62.17
2019-10-15,65.94
2019-10-16,64.55
2019-10-17,64.75
2019-10-18,66.66
2019-10-21,68.84
2019-10-22,69.24
2019-10-23,69.24
2019-10-24,69.24
2019-10-25,69.3
2019-10-28,70.29
2019-10-29,70.09
2019-10-30,70.09
2019-10-31,67.72
2019-11-01,71.48
2019-11-04,73.86
2019-11-05,72.36
2019-11-06,73.35
2019-11-07,72.56
2019-11-08,72.16
2019-11-11,71.57
2019-11-12,70.17
2019-11-13,71.37
2019-11-14,71.96
2019-11-15,74.35
2019-11-18,72.96
2019-11-19,72.76
2019-11-20,70.77
2019-11-21,69.38
2019-11-22,72.31
2019-11-25,74.5
2019-11-26,73.3
2019-11-27,75.69
2019-11-29,73.5
2019-12-02,71.34
2019-12-03,67.19
2019-12-04,71.14
2019-12-05,72.13
2019-12-06,75.64
2019-12-09,73.61
2019-12-10,72.96
2019-12-11,73.3
2019-12-12,74.3
2019-12-13,74.5
2019-12-16,77.62
2019-12-17,76.63
2019-12-18,77.22
2019-12-19,77.82
2019-12-20,79.0
2019-12-23,80.79
2019-12-24,80.79
2019-12-26,80.99
2019-12-27,80.79
2019-12-30,78.81
2019-12-31,80.19
2020-01-02,80.99
2020-01-03,80.79
2020-01-06,80.19
2020-01-07,78.01
2020-01-08,79.2
2020-01-09,78.61
2020-01-10,78.21
2020-01-13,80.39
2020-01-14,80.19
2020-01-15,81.18
2020-01-16,84.35
2020-01-17,84.15
2020-01-21,81.98
2020-01-22,80.99
2020-01-23,80.99
2020-01-24,77.82
2020-01-27,72.02
2020-01-28,73.06
2020-01-29,72.47
2020-01-30,72.87
2020-01-31,68.11
2020-02-03,68.91
2020-02-04,71.28
2020-02-05,76.83
2020-02-06,75.24
2020-02-07,72.87
2020-02-10,74.05
2020-02-11,75.84
2020-02-12,78.01
2020-02-13,77.42
2020-02-14,76.83
2020-02-18,73.46
2020-02-19,75.04
2020-02-20,76.03
2020-02-21,73.66
2020-02-24,61.18
2020-02-25,50.29
2020-02-26,46.73
2020-02-27,32.47
2020-02-28,23.96
2020-03-02,41.18
2020-03-03,33.66
2020-03-04,45.14
2020-03-05,36.63
2020-03-06,32.67
2020-03-09,15.24
2020-03-10,24.75
2020-03-11,12.07
2020-03-12,4.95
2020-03-13,11.48
2020-03-16,3.56
2020-03-17,10.29
2020-03-18,6.73
2020-03-19,4.95
2020-03-20,2.97
2020-03-23,2.97
2020-03-24,4.55
2020-03-25,3.76
2020-03-26,8.31
2020-03-27,5.94
2020-03-30,9.9
2020-03-31,8.71
2020-04-01,6.33
2020-04-02,7.92
2020-04-03,8.13
2020-04-06,13.04
2020-04-07,12.25
2020-04-08,15.64
2020-04-09,18.01
2020-04-13,15.64
2020-04-14,21.58
2020-04-15,18.01
2020-04-16,21.18
2020-04-17,24.55
2020-04-20,21.38
2020-04-21,17.02
2020-04-22,19.4
2020-04-23,19.2
2020-04-24,21.78
2020-04-27,23.96
2020-04-28,23.76
2020-04-29,28.31
2020-04-30,24.15
2020-05-01,20.19
2020-05-04,20.99
2020-05-05,23.76
2020-05-06,23.76
2020-05-07,24.75
2020-05-08,27.32
2020-05-11,28.91
2020-05-12,25.0
2020-05-13,23.8
2020-05-14,25.0
2020-05-15,25.19
2020-05-18,31.28
2020-05-19,29.3
2020-05-20,33.26
2020-05-21,29.5
2020-05-22,31.28
2020-05-26,34.85
2020-05-27,41.58
2020-05-28,41.98
2020-05-29,41.98
2020-06-01,41.78
2020-06-02,43.96
2020-06-03,48.91
2020-06-04,48.11
2020-06-05,55.44
2020-06-08,61.98
2020-06-09,54.25
2020-06-10,48.91
2020-06-11,33.46
2020-06-12,36.43
2020-06-15,38.81
2020-06-16,42.17
2020-06-17,41.78
2020-06-18,41.38
2020-06-19,40.0
2020-06-22,40.39
2020-06-23,41.18
2020-06-24,34.65
2020-06-25,36.03
2020-06-26,32.47
2020-06-29,36.43
2020-06-30,39.4
2020-07-01,39.8
2020-07-02,41.38
2020-07-06,43.36
2020-07-07,40.59
2020-07-08,40.39
2020-07-09,38.01
2020-07-10,40.39
2020-07-13,41.18
2020-07-14,44.55
2020-07-15,49.3
2020-07-16,49.9
2020-07-17,51.48
2020-07-20,49.9
2020-07-21,51.68
2020-07-22,54.65
2020-07-23,53.66
2020-07-24,52.27
2020-07-27,52.87
2020-07-28,51.88
2020-07-29,54.65
2020-07-30,53.86
2020-07-31,52.17
2020-08-03,52.17
2020-08-04,52.76
2020-08-05,54.94
2020-08-06,54.54
2020-08-07,57.31
2020-08-10,59.09
2020-08-11,59.28
2020-08-12,60.47
2020-08-13,59.48
2020-08-14,59.48
2020-08-17,58.69
2020-08-18,58.89
2020-08-19,58.89
2020-08-20,57.31
2020-08-21,57.11
2020-08-24,59.68
2020-08-25,59.88
2020-08-26,58.69
2020-08-27,61.06
2020-08-28,62.05
2020-08-31,61.26
2020-09-01,60.99
2020-09-02,64.15
2020-09-03,61.78
2020-09-04,61.78
2020-09-08,57.02
2020-09-09,59.8
2020-09-10,57.02
2020-09-11,57.42
2020-09-14,61.78
2020-09-15,61.98
2020-09-16,63.96
2020-09-17,62.77
2020-09-18,59.12
2020-09-21,54.05
2020-09-22,54.85
2020-09-23,50.89
2020-09-24,51.48
2020-09-25,55.64
2020-09-28,58.61
2020-09-29,56.83
2020-09-30,58.61
2020-10-01,59.2
2020-10-02,60.19
2020-10-05,64.35
2020-10-06,62.1
2020-10-07,66.99
2020-10-08,70.97
2020-10-09,72.16
2020-10-12,73.16
2020-10-13,70.57
2020-10-14,70.37
2020-10-15,70.77
2020-10-16,70.97
2020-10-19,66.93
2020-10-20,68.91
2020-10-21,68.51
2020-10-22,72.47
2020-10-23,72.47
2020-10-26,66.53
2020-10-27,63.36
2020-10-28,55.44
2020-10-29,58.01
2020-10-30,57.02
2020-11-02,64.35
2020-11-03,69.3
2020-11-04,69.3
2020-11-05,73.06
2020-11-06,70.49
2020-11-09,80.99
2020-11-10,83.56
2020-11-11,83.16
2020-11-12,80.19
2020-11-13,85.34
2020-11-16,88.11
2020-11-17,88.11
2020-11-18,86.13
2020-11-19,86.53
2020-11-20,86.13
2020-11-23,88.51
2020-11-24,90.09
2020-11-25,90.09
2020-11-27,89.9
2020-11-30,89.5
2020-12-01,91.48
2020-12-02,91.88
2020-12-03,91.68
2020-12-04,91.08
2020-12-07,90.89
2020-12-08,91.68
2020-12-09,91.28
2020-12-10,90.69
2020-12-11,90.89
2020-12-14,90.49
2020-12-15,91.48
2020-12-16,90.49
2020-12-17,91.28
2020-12-18,89.9
2020-12-21,88.73
2020-12-22,87.74
2020-12-23,88.11
2020-12-24,89.3
2020-12-28,89.7
2020-12-29,89.3
2020-12-30,89.5
2020-12-31,90.89
2021-01-04,88.71
2021-01-05,88.71
2021-01-06,90.49
2021-01-07,89.5
2021-01-08,90.07
2021-01-11,89.9
2021-01-12,89.3
2021-01-13,89.7
2021-01-14,89.1
2021-01-15,89.5
2021-01-19,89.7
2021-01-20,89.68
2021-01-21,89.08
2021-01-22,88.88
2021-01-25,90.09
2021-01-26,90.49
2021-01-27,86.73
2021-01-28,86.93
2021-01-29,83.76
2021-02-01,86.33
2021-02-02,88.11
2021-02-03,87.52
2021-02-04,88.91
2021-02-05,88.11
2021-02-08,88.31
2021-02-09,88.91
2021-02-10,89.1
2021-02-11,87.92
2021-02-12,87.12
2021-02-16,86.33
2021-02-17,86.93
2021-02-18,87.32
2021-02-19,86.13
2021-02-22,84.95
2021-02-23,83.76
2021-02-24,84.35
2021-02-25,81.78
2021-02-26,79.0
2021-03-01,82.97
2021-03-02,81.78
2021-03-03,79.4
2021-03-04,77.02
2021-03-05,81.38
2021-03-08,80.19
2021-03-09,83.56
2021-03-10,83.76
2021-03-11,84.75
2021-03-12,85.54
2021-03-15,86.73
2021-03-16,88.11
2021-03-17,87.32
2021-03-18,86.13
2021-03-19,86.13
2021-03-22,87.92
2021-03-23,88.11
2021-03-24,87.12
2021-03-25,87.92
2021-03-26,91.88
2021-03-29,93.87
2021-03-30,91.3
2021-03-31,92.88
2021-04-01,93.47
2021-04-05,94.85
2021-04-06,95.24
2021-04-07,94.25
2021-04-08,93.86
2021-04-09,94.05
2021-04-12,94.45
2021-04-13,95.24
2021-04-14,95.04
2021-04-15,96.23
2021-04-16,96.62
2021-04-19,96.23
2021-04-20,96.82
2021-04-21,96.82
2021-04-22,96.23
2021-04-23,95.83
2021-04-26,95.43
2021-04-27,95.23
2021-04-28,94.64
2021-04-29,94.25
2021-04-30,94.05
2021-05-03,93.66
2021-05-04,93.26
2021-05-05,93.26
2021-05-06,92.47
2021-05-07,92.27
2021-05-10,91.48
2021-05-11,92.07
2021-05-12,88.91
2021-05-13,89.3
2021-05-14,91.68
2021-05-17,90.31
2021-05-18,89.1
2021-05-19,89.1
2021-05-20,91.88
2021-05-21,91.08
2021-05-24,91.28
2021-05-25,91.48
2021-05-26,91.08
2021-05-27,91.08
2021-05-28,91.88
2021-06-01,90.89
2021-06-02,90.49
2021-06-03,89.3
2021-06-04,90.69
2021-06-07,89.9
2021-06-08,90.09
2021-06-09,89.5
2021-06-10,90.49
2021-06-11,90.89
2021-06-14,91.48
2021-06-15,90.89
2021-06-16,89.3
2021-06-17,89.7
2021-06-18,85.94
2021-06-21,88.11
2021-06-22,88.31
2021-06-23,87.32
2021-06-24,88.31
2021-06-25,90.09
2021-06-28,90.09
2021-06-29,89.1
2021-06-30,89.5
2021-07-01,90.49
2021-07-02,91.28
2021-07-06,89.3
2021-07-07,90.29
2021-07-08,87.52
2021-07-09,90.49
2021-07-12,90.09
2021-07-13,89.1
2021-07-14,88.51
2021-07-15,88.31
2021-07-16,86.13
2021-07-19,78.81
2021-07-20,84.35
2021-07-21,86.33
2021-07-22,84.15
2021-07-23,86.33
2021-07-26,87.12
2021-07-27,88.51
2021-07-28,88.51
2021-07-29,88.71
2021-07-30,86.73
2021-08-02,85.34
2021-08-03,86.3
2021-08-04,81.54
2021-08-05,82.34
2021-08-06,83.33
2021-08-09,82.6
2021-08-10,83.99
2021-08-11,85.37
2021-08-12,84.38
2021-08-13,84.18
2021-08-16,83.76
2021-08-17,81.18
2021-08-18,78.01
2021-08-19,74.45
2021-08-20,75.64
2021-08-23,79.4
2021-08-24,80.99
2021-08-25,81.98
2021-08-26,78.81
2021-08-27,81.78
2021-08-30,79.36
2021-08-31,79.96
2021-09-01,78.81
2021-09-02,80.39
2021-09-03,78.61
2021-09-07,75.84
2021-09-08,73.66
2021-09-09,73.66
2021-09-10,71.88
2021-09-13,74.65
2021-09-14,71.68
2021-09-15,74.25
2021-09-16,72.07
2021-09-17,68.91
2021-09-20,64.75
2021-09-21,62.57
2021-09-22,66.13
2021-09-23,71.88
2021-09-24,72.47
2021-09-27,71.88
2021-09-28,66.93
2021-09-29,68.11
2021-09-30,60.79
2021-10-01,65.14
2021-10-04,63.69
2021-10-05,65.27
2021-10-06,66.66
2021-10-07,66.86
2021-10-08,64.48
2021-10-11,62.77
2021-10-12,62.57
2021-10-13,63.36
2021-10-14,70.69
2021-10-15,70.69
2021-10-18,69.9
2021-10-19,72.27
2021-10-20,74.65
2021-10-21,74.25
2021-10-22,74.65
2021-10-25,73.86
2021-10-26,73.26
2021-10-27,69.5
2021-10-28,72.07
2021-10-29,70.29
2021-11-01,71.88
2021-11-02,70.69
2021-11-03,73.86
2021-11-04,71.28
2021-11-05,75.04
2021-11-08,73.51
2021-11-09,74.3
2021-11-10,74.5
2021-11-11,73.32
2021-11-12,73.71
2021-11-15,74.25
2021-11-16,72.47
2021-11-17,71.48
2021-11-18,69.9
2021-11-19,68.51
2021-11-22,70.55
2021-11-23,71.93
2021-11-24,70.94
2021-11-26,63.83
2021-11-29,65.21
2021-11-30,55.73
2021-12-01,51.97
2021-12-02,59.28
2021-12-03,57.5
2021-12-06,64.55
2021-12-07,68.51
2021-12-08,68.71
2021-12-09,67.72
2021-12-10,67.12
2021-12-13,66.53
2021-12-14,65.34
2021-12-15,66.66
2021-12-16,67.46
2021-12-17,62.5
2021-12-20,58.01
2021-12-21,64.35
2021-12-22,65.34
2021-12-23,67.72
2021-12-27,70.89
2021-12-28,71.48
2021-12-29,71.68
2021-12-30,71.28
2021-12-31,71.88
2022-01-03,73.46
2022-01-04,74.65
2022-01-05,71.08
2022-01-06,70.09
2022-01-07,69.9
2022-01-10,68.91
2022-01-11,70.89
2022-01-12,71.88
2022-01-13,69.9
2022-01-14,65.94
2022-01-18,60.19
2022-01-19,57.02
2022-01-20,53.26
2022-01-21,49.7
2022-01-24,51.28
2022-01-25,46.53
2022-01-26,42.17
2022-01-27,39.2
2022-01-28,45.94
2022-01-31,50.69
2022-02-01,52.87
2022-02-02,56.63
2022-02-03,50.49
2022-02-04,48.31
2022-02-07,48.51
2022-02-08,52.87
2022-02-09,58.01
2022-02-10,50.69
2022-02-11,45.34
2022-02-14,42.57
2022-02-15,48.11
2022-02-16,49.2
2022-02-17,43.73
2022-02-18,43.14
2022-02-22,40.0
2022-02-23,34.85
2022-02-24,35.64
2022-02-25,45.94
2022-02-28,44.35
2022-03-01,37.5
2022-03-02,44.44
2022-03-03,44.64
2022-03-04,43.65
2022-03-07,34.32
2022-03-08,32.27
2022-03-09,37.62
2022-03-10,37.42
2022-03-11,35.04
2022-03-14,36.43
2022-03-15,39.2
2022-03-16,42.97
2022-03-17,45.54
2022-03-18,49.1
2022-03-21,47.52
2022-03-22,49.5
2022-03-23,45.54
2022-03-24,49.3
2022-03-25,50.69
2022-03-28,52.07
2022-03-29,59.2
2022-03-30,56.03
2022-03-31,51.28
2022-04-01,51.28
2022-04-04,52.07
2022-04-05,48.31
2022-04-06,47.61
2022-04-07,48.01
2022-04-08,48.01
2022-04-11,46.83
2022-04-12,46.23
2022-04-13,47.61
2022-04-14,47.02
2022-04-18,46.62
2022-04-19,49.1
2022-04-20,51.08
2022-04-21,48.11
2022-04-22,43.76
2022-04-25,44.55
2022-04-26,41.78
2022-04-27,41.38
2022-04-28,43.96
2022-04-29,34.25
2022-05-02,33.46
2022-05-03,36.03
2022-05-04,41.18
2022-05-05,36.03
2022-05-06,34.85
2022-05-09,30.69
2022-05-10,28.96
2022-05-11,28.17
2022-05-12,27.92
2022-05-13,31.28
2022-05-16,31.48
2022-05-17,35.04
2022-05-18,27.12
2022-05-19,25.34
2022-05-20,24.35
2022-05-23,27.72
2022-05-24,29.3
2022-05-25,29.7
2022-05-26,32.67
2022-05-27,37.42
2022-05-31,36.03
2022-06-01,33.06
2022-06-02,35.84
2022-06-03,32.87
2022-06-06,34.45
2022-06-07,36.83
2022-06-08,32.27
2022-06-09,27.72
2022-06-10,24.4
2022-06-13,16.83
2022-06-14,15.44
2022-06-15,16.43
2022-06-16,12.27
2022-06-17,11.48
2022-06-21,16.03
2022-06-22,15.84
2022-06-23,16.83
2022-06-24,22.17
2022-06-27,23.61
2022-06-28,21.66
2022-06-29,21.86
2022-06-30,20.47
2022-07-01,24.05
2022-07-05,18.68
2022-07-06,20.27
2022-07-07,21.66
2022-07-08,20.87
2022-07-11,20.67
2022-07-12,18.68
2022-07-13,17.89
2022-07-14,16.69
2022-07-15,18.09
2022-07-18,15.7
2022-07-19,19.68
2022-07-20,18.68
2022-07-21,20.47
2022-07-22,20.07
2022-07-25,23.06
2022-07-26,22.26
2022-07-27,25.84
2022-07-28,32.0
2022-07-29,34.39
2022-08-01,33.59
2022-08-02,32.2
2022-08-03,33.99
2022-08-04,33.2
2022-08-05,35.18
2022-08-08,34.39
2022-08-09,33.2
2022-08-10,39.76
2022-08-11,40.35
2022-08-12,44.73
2022-08-15,45.72
2022-08-16,47.51
2022-08-17,45.52
2022-08-18,46.91
2022-08-19,43.33
2022-08-22,36.77
2022-08-23,36.18
2022-08-24,36.77
2022-08-25,41.94
2022-08-26,33.99
2022-08-29,31.61
2022-08-30,27.83
2022-08-31,26.44
2022-09-01,27.23
2022-09-02,25.64
2022-09-06,25.04
2022-09-07,31.8
2022-09-08,33.99
2022-09-09,36.77
2022-09-12,39.56
2022-09-13,29.42
2022-09-14,29.62
2022-09-15,28.03
2022-09-16,25.24
2022-09-19,27.63
2022-09-20,24.25
2022-09-21,20.27
2022-09-22,17.89
2022-09-23,13.51
2022-09-26,11.13
2022-09-27,10.53
2022-09-28,14.71
2022-09-29,11.72
2022-09-30,11.13
2022-10-03,15.53
2022-10-04,20.75
2022-10-05,20.95
2022-10-06,19.56
2022-10-07,16.3
2022-10-10,16.1
2022-10-11,16.3
2022-10-12,16.1
2022-10-13,17.33
2022-10-14,14.54
2022-10-17,17.69
2022-10-18,20.87
2022-10-19,19.88
2022-10-20,17.09
2022-10-21,22.06
2022-10-24,23.65
2022-10-25,28.82
2022-10-26,29.62
2022-10-27,30.81
2022-10-28,36.77
2022-10-31,35.85
2022-11-01,36.65
2022-11-02,32.07
2022-11-03,31.47
2022-11-04,34.66
2022-11-07,38.36
2022-11-08,40.23
2022-11-09,35.85
2022-11-10,50.39
2022-11-11,52.68
2022-11-14,48.31
2022-11-15,52.08
2022-11-16,51.09
2022-11-17,49.1
2022-11-18,53.87
2022-11-21,53.67
2022-11-22,56.66
2022-11-23,59.64
2022-11-25,61.23
2022-11-28,56.26
2022-11-29,56.26
2022-11-30,63.22
2022-12-01,62.62
2022-12-02,62.62
2022-12-05,57.25
2022-12-06,55.66
2022-12-07,54.07
2022-12-08,55.06
2022-12-09,53.87
2022-12-12,58.05
2022-12-13,61.63
2022-12-14,57.45
2022-12-15,50.59
2022-12-16,47.01
2022-12-19,45.23
2022-12-20,45.43
2022-12-21,48.61
2022-12-22,46.42
2022-12-23,48.41
2022-12-27,49.9
2022-12-28,45.52
2022-12-29,49.5
2022-12-30,47.71
2023-01-03,47.51
2023-01-04,50.09
2023-01-05,47.11
2023-01-06,53.87
2023-01-09,54.16
2023-01-10,56.54
2023-01-11,61.11
2023-01-12,62.3
2023-01-13,63.09
2023-01-17,62.02
2023-01-18,57.05
2023-01-19,52.48
2023-01-20,58.44
2023-01-23,63.61
2023-01-24,62.62
2023-01-25,63.22
2023-01-26,65.2
2023-01-27,66.6
2023-01-30,63.22
2023-01-31,68.78
2023-02-01,71.57
2023-02-02,75.94
2023-02-03,71.17
2023-02-06,68.98
2023-02-07,71.37
2023-02-08,68.78
2023-02-09,65.2
2023-02-10,68.19
2023-02-13,69.58
2023-02-14,68.98
2023-02-15,68.98
2023-02-16,66.2
2023-02-17,66.2
2023-02-21,60.63
2023-02-22,60.23
2023-02-23,61.43
2023-02-24,57.25
2023-02-27,57.85
2023-02-28,55.66
2023-03-01,53.08
2023-03-02,55.86
2023-03-03,60.03
2023-03-06,59.64
2023-03-07,53.47
2023-03-08,53.87
2023-03-09,47.71
2023-03-10,41.35
2023-03-13,38.76
2023-03-14,42.14
2023-03-15,37.17
2023-03-16,41.94
2023-03-17,37.37
2023-03-20,41.55
2023-03-21,46.12
2023-03-22,40.59
2023-03-23,38.61
2023-03-24,40.0
2023-03-27,43.33
2023-03-28,44.53
2023-03-29,49.1
2023-03-30,51.88
2023-03-31,54.87
2023-04-03,56.46
2023-04-04,53.08
2023-04-05,53.87
2023-04-06,53.47
2023-04-10,54.87
2023-04-11,58.05
2023-04-12,56.26
2023-04-13,58.64
2023-04-14,56.26
2023-04-17,57.65
2023-04-18,57.85
2023-04-19,58.05
2023-04-20,57.25
2023-04-21,56.46
2023-04-24,56.06
2023-04-25,51.09
2023-04-26,46.12
2023-04-27,50.29
2023-04-28,54.87
2023-05-01,53.67
2023-05-02,48.11
2023-05-03,45.32
2023-05-04,45.32
2023-05-05,48.11
2023-05-08,48.9
2023-05-09,47.71
2023-05-10,47.51
2023-05-11,45.12
2023-05-12,46.12
2023-05-15,46.62
2023-05-16,42.34
2023-05-17,45.12
2023-05-18,48.61
2023-05-19,47.61
2023-05-22,48.01
2023-05-23,44.33
2023-05-24,39.56
2023-05-25,37.17
2023-05-26,41.35
2023-05-30,40.15
2023-05-31,38.17
2023-06-01,40.95
2023-06-02,49.5
2023-06-05,48.5
2023-06-06,50.09
2023-06-07,53.78
2023-06-08,53.78
2023-06-09,52.58
2023-06-12,54.07
2023-06-13,56.85
2023-06-14,56.06
2023-06-15,60.83
2023-06-16,61.03
2023-06-20,56.46
2023-06-21,58.05
2023-06-22,55.46
2023-06-23,52.08
2023-06-26,55.06
2023-06-27,59.44
2023-06-28,57.45
2023-06-29,59.84
2023-06-30,62.82
2023-07-03,65.8
2023-07-05,62.22
2023-07-06,60.43
2023-07-07,62.02
2023-07-10,64.08
2023-07-11,67.26
2023-07-12,68.52
2023-07-13,69.52
2023-07-14,66.73
2023-07-17,65.4
2023-07-18,67.19
2023-07-19,69.98
2023-07-20,72.36
2023-07-21,73.75
2023-07-24,73.55
2023-07-25,72.76
2023-07-26,73.55
2023-07-27,68.98
2023-07-28,70.17
2023-07-31,71.76
2023-08-01,68.19
2023-08-02,66.99
2023-08-03,63.02
2023-08-04,61.63
2023-08-07,64.21
2023-08-08,61.03
2023-08-09,61.82
2023-08-10,61.43
2023-08-11,60.63
2023-08-14,59.24
2023-08-15,55.06
2023-08-16,52.88
2023-08-17,50.29
2023-08-18,51.49
2023-08-21,50.69
2023-08-22,49.1
2023-08-23,50.29
2023-08-24,48.31
2023-08-25,49.9
2023-08-28,51.09
2023-08-29,54.27
2023-08-30,54.58
2023-08-31,54.27
2023-09-01,55.26
2023-09-05,51.38
2023-09-06,50.69
2023-09-07,48.5
2023-09-08,47.91
2023-09-11,48.31
2023-09-12,48.9
2023-09-13,47.11
2023-09-14,51.88
2023-09-15,50.09
2023-09-18,49.1
2023-09-19,48.11
2023-09-20,48.31
2023-09-21,43.14
2023-09-22,41.74
2023-09-25,42.34
2023-09-26,38.96
2023-09-27,39.16
2023-09-28,40.95
2023-09-29,39.76
2023-10-02,38.17
2023-10-03,35.38
2023-10-04,36.58
2023-10-05,35.58
2023-10-06,36.58
2023-10-09,39.96
2023-10-10,42.74
2023-10-11,43.14
2023-10-12,39.16
2023-10-13,38.36
2023-10-16,41.03
2023-10-17,42.43
2023-10-18,38.04
2023-10-19,35.38
2023-10-20,31.8
2023-10-23,29.82
2023-10-24,31.21
2023-10-25,27.23
2023-10-26,27.43
2023-10-27,24.05
2023-10-30,27.63
2023-10-31,30.21
2023-11-01,32.8
2023-11-02,38.17
2023-11-03,41.74
2023-11-06,40.35
2023-11-07,38.76
2023-11-08,37.77
2023-11-09,36.97
2023-11-10,39.76
2023-11-13,40.35
2023-11-14,48.11
2023-11-15,49.5
2023-11-16,48.7
2023-11-17,51.49
2023-11-20,51.68
2023-11-21,52.08
2023-11-22,52.88
2023-11-24,54.87
2023-11-27,53.47
2023-11-28,54.87
2023-11-29,55.86
2023-11-30,58.05
2023-12-01,62.82
2023-12-04,63.02
2023-12-05,59.24
2023-12-06,60.63
2023-12-07,61.23
2023-12-08,62.02
2023-12-11,65.0
2023-12-12,65.2
2023-12-13,71.57
2023-12-14,74.75
2023-12-15,71.96
2023-12-18,72.96
2023-12-19,75.14
2023-12-20,69.38
2023-12-21,72.36
2023-12-22,73.75
2023-12-26,74.75
2023-12-27,74.75
2023-12-28,76.14
2023-12-29,74.75
2024-01-02,78.52
2024-01-03,76.54
2024-01-04,74.55
2024-01-05,74.95
2024-01-08,76.93
2024-01-09,75.34
2024-01-10,74.95
2024-01-11,73.35
2024-01-12,72.96
2024-01-16,70.57
2024-01-17,66.79
2024-01-18,66.6
2024-01-19,68.98
2024-01-22,69.98
2024-01-23,69.38
2024-01-24,67.59
2024-01-25,70.37
2024-01-26,70.17
2024-01-29,71.96
2024-01-30,71.76
2024-01-31,68.19
2024-02-01,73.3
2024-02-02,70.31
2024-02-05,67.13
2024-02-06,69.98
2024-02-07,69.98
2024-02-08,69.98
2024-02-09,68.98
2024-02-12,71.37
2024-02-13,65.4
2024-02-14,66.0
2024-02-15,71.37
2024-02-16,69.58
2024-02-20,68.78
2024-02-21,70.37
2024-02-22,72.36
2024-02-23,72.76
2024-02-26,69.18
2024-02-27,71.17
2024-02-28,71.17
2024-02-29,73.16
2024-03-01,72.56
2024-03-04,74.1
2024-03-05,72.7
2024-03-06,74.3
2024-03-07,76.09
2024-03-08,76.49
2024-03-11,79.88
2024-03-12,77.73
2024-03-13,78.92
2024-03-14,75.94
2024-03-15,75.34
2024-03-18,75.34
2024-03-19,77.73
2024-03-20,79.32
2024-03-21,79.72
2024-03-22,78.92
2024-03-25,77.68
2024-03-26,77.29
2024-03-27,80.91
2024-03-28,82.7
2024-04-01,81.11
2024-04-02,79.52
2024-04-03,77.33
2024-04-04,76.34
2024-04-05,76.14
2024-04-08,76.93
2024-04-09,79.52
2024-04-10,74.15
2024-04-11,73.16
2024-04-12,69.18
2024-04-15,67.39
2024-04-16,65.0
2024-04-17,66.2
2024-04-18,65.8
2024-04-19,67.99
2024-04-22,71.57
2024-04-23,73.75
2024-04-24,73.35
2024-04-25,72.36
2024-04-26,71.37
2024-04-29,74.95
2024-04-30,68.98
2024-05-01,68.58
2024-05-02,69.98
2024-05-03,72.16
2024-05-06,73.16
2024-05-07,74.3
2024-05-08,73.7
2024-05-09,75.89
2024-05-10,76.69
2024-05-13,77.68
2024-05-14,78.92
2024-05-15,79.32
2024-05-16,79.52
2024-05-17,79.12
2024-05-20,77.68
2024-05-21,78.28
2024-05-22,76.89
2024-05-23,70.57
2024-05-24,71.37
2024-05-28,69.38
2024-05-29,63.81
2024-05-30,65.6
2024-05-31,70.57
2024-06-03,69.38
2024-06-04,69.58
2024-06-05,69.38
2024-06-06,67.99
2024-06-07,66.79
2024-06-10,66.6
2024-06-11,66.6
2024-06-12,66.79
2024-06-13,66.99
2024-06-14,64.21
2024-06-17,65.6
2024-06-18,65.8
2024-06-20,67.59
2024-06-21,67.79
2024-06-24,70.97
2024-06-25,67.99
2024-06-26,66.6
2024-06-27,67.99
2024-06-28,67.59
2024-07-01,65.0
2024-07-02,65.4
2024-07-03,66.0
2024-07-05,64.61
2024-07-08,63.81
2024-07-09,63.41
2024-07-10,65.8
2024-07-11,69.18
2024-07-12,72.16
2024-07-15,73.35
2024-07-16,78.33
2024-07-17,79.32
2024-07-18,76.54
2024-07-19,72.56
2024-07-22,74.35
2024-07-23,71.17
2024-07-24,70.57
2024-07-25,71.57
2024-07-26,75.34
2024-07-29,75.94
2024-07-30,77.13
2024-07-31,77.93
2024-08-01,73.95
2024-08-02,68.78
2024-08-05,60.43
2024-08-06,63.81
2024-08-07,61.43
2024-08-08,66.79
2024-08-09,66.4
2024-08-12,64.61
2024-08-13,67.99
2024-08-14,67.99
2024-08-15,71.37
2024-08-16,71.57
2024-08-19,73.35
2024-08-20,72.56
2024-08-21,75.34
2024-08-22,74.15
2024-08-23,76.73
2024-08-26,77.13
2024-08-27,76.14
2024-08-28,74.75
2024-08-29,75.94
2024-08-30,78.13
2024-09-03,73.55
2024-09-04,71.96
2024-09-05,71.17
2024-09-06,66.99
2024-09-09,69.58
2024-09-10,67.79
2024-09-11,68.78
2024-09-12,69.98
2024-09-13,73.35
2024-09-16,74.15
2024-09-17,74.95
2024-09-18,74.95
2024-09-19,77.93
2024-09-20,74.95
2024-09-23,76.34
2024-09-24,77.13
2024-09-25,73.95
2024-09-26,77.93
2024-09-27,79.92
2024-09-30,78.72
2024-10-01,76.54
2024-10-02,76.09
2024-10-03,74.7
2024-10-04,75.69
2024-10-07,72.5
2024-10-08,73.1
2024-10-09,75.69
2024-10-10,74.5
2024-10-11,76.69
2024-10-14,78.88
2024-10-15,78.08
2024-10-16,79.08
2024-10-17,78.92
2024-10-18,78.72
2024-10-21,75.94
2024-10-22,74.55
2024-10-23,72.76
2024-10-24,72.16
2024-10-25,71.57
2024-10-28,73.16
2024-10-29,72.36
2024-10-30,71.76
2024-10-31,68.78
2024-11-01,68.58
2024-11-04,69.18
2024-11-05,72.36
2024-11-06,74.15
2024-11-07,73.95
2024-11-08,73.55
2024-11-11,72.96
2024-11-12,71.37
2024-11-13,71.57
2024-11-14,69.98
2024-11-15,68.19
2024-11-18,68.98
2024-11-19,68.19
2024-11-20,68.58
2024-11-21,70.57
2024-11-22,71.37
2024-11-25,75.49
2024-11-26,74.9
2024-11-27,74.95
2024-11-29,75.54
2024-12-02,75.94
2024-12-03,73.95
2024-12-04,72.16
2024-12-05,70.17
2024-12-06,69.38
2024-12-09,70.77
2024-12-10,67.39
2024-12-11,66.0
2024-12-12,66.0
2024-12-13,64.61
2024-12-16,61.82
2024-12-17,60.63
2024-12-18,53.87
2024-12-19,52.39
2024-12-20,54.98
2024-12-23,54.98
2024-12-24,57.45
2024-12-26,57.65
2024-12-27,56.46
2024-12-30,54.27
2024-12-31,53.87
2025-01-02,53.28
2025-01-03,54.67
2025-01-06,52.68
2025-01-07,52.08
2025-01-08,53.47
2025-01-10,48.9
2025-01-13,51.88
2025-01-14,55.06
2025-01-15,55.26
2025-01-16,58.25
2025-01-17,58.44
2025-01-21,60.43
2025-01-22,59.44
2025-01-23,60.03
2025-01-24,60.43
2025-01-27,63.61
2025-01-28,61.23
2025-01-29,58.84
2025-01-30,61.23
2025-01-31,59.44
2025-02-03,58.64
2025-02-04,57.05
2025-02-05,58.84
2025-02-06,57.85
2025-02-07,57.05
2025-02-10,58.64
2025-02-11,58.44
2025-02-12,56.66
2025-02-13,59.44
2025-02-14,59.04
2025-02-18,58.64
2025-02-19,60.63
2025-02-20,61.03
2025-02-21,58.64
2025-02-24,58.44
2025-02-25,58.44
2025-02-26,57.65
2025-02-27,55.06
2025-02-28,57.45
2025-03-03,55.06
2025-03-04,48.11
2025-03-05,50.09
2025-03-06,47.31
2025-03-07,50.29
2025-03-10,44.13
2025-03-11,38.56
2025-03-12,37.37
2025-03-13,33.39
2025-03-14,39.56
2025-03-17,42.34
2025-03-18,41.15
2025-03-19,43.33
2025-03-20,42.34
2025-03-21,41.15
2025-03-24,45.52
2025-03-25,46.52
2025-03-26,46.52
2025-03-27,44.73
2025-03-28,39.96
2025-03-31,43.14
2025-04-01,42.94
2025-04-02,46.12
2025-04-03,36.58
2025-04-04,21.47
2025-04-07,18.68
2025-04-08,17.69
2025-04-09,30.01
2025-04-10,25.24
2025-04-11,28.23
2025-04-14,29.82
2025-04-15,29.62
2025-04-16,28.23
2025-04-17,30.21
2025-04-21,25.04
2025-04-22,30.01
2025-04-23,30.01
2025-04-24,32.8
2025-04-25,32.8
2025-04-28,33.39
2025-04-29,34.99
2025-04-30,35.98
2025-05-01,35.58
2025-05-02,40.95
2025-05-05,40.15
2025-05-06,36.97
2025-05-07,40.55
2025-05-08,42.34
2025-05-09,42.74
2025-05-12,50.69
2025-05-13,49.9
2025-05-14,48.5
2025-05-15,52.28
2025-05-16,54.67
2025-05-19,54.47
2025-05-20,53.57
2025-05-21,48.41
2025-05-22,47.22
2025-05-23,45.83
2025-05-27,50.29
2025-05-28,46.91
2025-05-29,47.91
2025-05-30,48.8
2025-06-02,48.01
2025-06-03,48.8
2025-06-04,48.61
2025-06-05,46.62
2025-06-06,49.2
2025-06-09,49.4
2025-06-10,51.78
2025-06-11,50.39
2025-06-12,51.19
2025-06-13,47.42
2025-06-16,49.2
2025-06-17,45.63
2025-06-18,45.23
2025-06-20,45.12
2025-06-23,49.3
2025-06-24,51.68
2025-06-25,46.91
2025-06-26,49.9
2025-06-27,51.09
2025-06-30,53.08
2025-07-01,58.92
2025-07-02,58.92
2025-07-03,61.23
2025-07-07,57.37
2025-07-08,58.16
2025-07-09,59.36
2025-07-10,61.55
2025-07-11,59.56
2025-07-14,58.84
2025-07-15,54.87
2025-07-16,55.86
2025-07-17,58.44
2025-07-18,58.44
2025-07-21,56.77
2025-07-22,61.75
2025-07-23,63.14
2025-07-24,62.15
2025-07-25,63.34
2025-07-28,60.75
2025-07-29,60.75
2025-07-30,58.64
2025-07-31,56.46
2025-08-01,53.47
2025-08-04,57.45
2025-08-05,56.26
2025-08-06,54.27
2025-08-07,55.26
2025-08-08,56.46
2025-08-11,54.98
2025-08-12,58.16
2025-08-13,63.54
2025-08-14,60.23
2025-08-15,60.03
2025-08-18,60.43
2025-08-19,62.42
2025-08-20,62.82
2025-08-21,62.62
2025-08-22,67.99
2025-08-25,64.61
2025-08-26,63.81
2025-08-27,65.2
2025-08-28,64.41
2025-08-29,65.0
2025-09-02,62.82
2025-09-03,62.62
2025-09-04,63.81
2025-09-05,63.22
2025-09-08,63.22
2025-09-09,61.82
2025-09-10,60.03
2025-09-11,65.6
2025-09-12,62.82
2025-09-15,61.03
2025-09-16,61.23
2025-09-17,61.03
2025-09-18,60.63
2025-09-19,59.84
2025-09-22,60.03
2025-09-23,60.83
2025-09-24,61.23
2025-09-25,59.04
2025-09-26,62.02
2025-09-29,62.22
2025-09-30,64.21
2025-10-01,64.61
2025-10-02,63.61
2025-10-03,64.81
2025-10-06,64.61
2025-10-07,64.21
2025-10-08,62.82
2025-10-09,61.63
2025-10-10,54.27
2025-10-13,57.45
2025-10-14,61.23
2025-10-15,60.83
2025-10-16,56.46
2025-10-17,57.85
2025-10-20,62.42
2025-10-21,64.21
2025-10-22,63.02
2025-10-23,64.21
2025-10-24,62.62
2025-10-27,63.22
2025-10-28,60.03
2025-10-29,54.07
2025-10-30,53.08
2025-10-31,53.67
2025-11-03,53.08
2025-11-04,52.48
2025-11-05,53.67
2025-11-06,51.68
2025-11-07,54.07
2025-11-10,55.26
2025-11-11,57.45
2025-11-12,57.65
2025-11-13,56.66
2025-11-14,55.86
2025-11-17,51.49
2025-11-18,52.08
2025-11-19,50.89
2025-11-20,47.51
2025-11-21,53.28
2025-11-24,53.08
2025-11-25,56.85
2025-11-26,58.05
2025-11-28,60.03
2025-12-01,57.76
2025-12-02,56.85
2025-12-03,59.04
2025-12-04,59.24
2025-12-05,60.43
2025-12-08,56.06
2025-12-09,56.06
2025-12-10,58.84
2025-12-11,62.02
2025-12-12,62.35
2025-12-15,61.82
2025-12-16,59.84
2025-12-17,59.84
2025-12-18,59.44
2025-12-19,58.05
2025-12-22,60.63
2025-12-23,60.63
2025-12-24,61.23
2025-12-26,60.43
2025-12-29,61.63
2025-12-30,61.23
2025-12-31,58.84
2026-01-02,58.64
2026-01-05,60.03
2026-01-06,62.82
2026-01-07,58.84
2026-01-08,62.82
2026-01-09,64.01
2026-01-12,64.61
2026-01-13,64.21
2026-01-14,66.73
2026-01-15,67.52
2026-01-16,67.13
2026-01-20,63.34
2026-01-21,66.53
2026-01-22,66.6
2026-01-23,65.6
2026-01-26,66.2
2026-01-27,66.0
2026-01-28,65.0
2026-01-29,64.01
2026-01-30,64.01
2026-02-02,63.02
2026-02-03,62.62
2026-02-04,66.99
2026-02-05,65.4
2026-02-06,67.13
2026-02-09,66.93
2026-02-10,67.19
2026-02-11,66.99
2026-02-12,64.81
2026-02-13,64.81
2026-02-17,63.61
2026-02-18,66.0
2026-02-19,64.01
2026-02-20,65.6
2026-02-23,63.41
2026-02-24,63.61
2026-02-25,63.02
2026-02-26,65.4
2026-02-27,65.6
2026-03-02,64.61
2026-03-03,61.03
2026-03-04,60.83
2026-03-05,58.25
2026-03-06,55.26
2026-03-09,55.26
2026-03-10,53.47
2026-03-11,51.68
2026-03-12,48.9
2026-03-13,47.91
2026-03-16,49.3
2026-03-17,50.09
2026-03-18,47.11
2026-03-19,46.91
2026-03-20,43.93
2026-03-23,47.11
2026-03-24,47.71
2026-03-25,48.11
2026-03-26,46.71
2026-03-27,42.94
2026-03-30,42.54
2026-03-31,47.31
2026-04-01,47.71
2026-04-02,48.31
2026-04-06,48.31
2026-04-07,48.11
2026-04-08,54.98
2026-04-09,55.37
2026-04-10,53.18
2026-04-13,55.37
2026-04-14,56.66
2026-04-15,54.87
2026-04-16,53.28
2026-04-17,60.03
2026-04-20,59.04
2026-04-21,56.26
2026-04-22,56.66
2026-04-23,55.66
2026-04-24,54.67
2026-04-27,55.06
2026-04-28,55.26
2026-04-29,53.67
2026-04-30,57.25
2026-05-01,56.85
2026-05-04,53.47
2026-05-05,54.47
2026-05-06,55.86
2026-05-07,55.26
2026-05-08,52.98
2026-05-11,53.98
2026-05-12,53.87
2026-05-13,52.68
2026-05-14,53.87
2026-05-15,50.89
2026-05-18,52.48
2026-05-19,50.69
2026-05-20,53.67
2026-05-21,55.17
2026-05-22,56.37
2026-05-26,57.25
2026-05-27,57.85
2026-05-28,57.25
2026-05-29,55.26
2026-06-01,53.47
2026-06-02,53.47
2026-06-03,53.47
2026-06-04,56.26
2026-06-05,58.05
2026-06-08,55.46
2026-06-09,58.44
2026-06-10,56.46
2026-06-11,59.24
2026-06-12,59.44
